-- phpMyAdmin SQL Dump
-- version 5.0.2
-- https://www.phpmyadmin.net/
--
-- Hôte : 127.0.0.1
-- Généré le : ven. 30 déc. 2022 à 00:27
-- Version du serveur :  10.4.14-MariaDB
-- Version de PHP : 7.4.10

SET SQL_MODE = "NO_AUTO_VALUE_ON_ZERO";
START TRANSACTION;
SET time_zone = "+00:00";


/*!40101 SET @OLD_CHARACTER_SET_CLIENT=@@CHARACTER_SET_CLIENT */;
/*!40101 SET @OLD_CHARACTER_SET_RESULTS=@@CHARACTER_SET_RESULTS */;
/*!40101 SET @OLD_COLLATION_CONNECTION=@@COLLATION_CONNECTION */;
/*!40101 SET NAMES utf8mb4 */;

--
-- Base de données : `progwebserveur`
--

-- --------------------------------------------------------

--
-- Structure de la table `commentaires`
--

CREATE TABLE `commentaires` (
  `id` int(11) NOT NULL,
  `comment` text NOT NULL,
  `createdAt` datetime NOT NULL,
  `updatedAt` datetime NOT NULL,
  `UserId` int(11) DEFAULT NULL,
  `TipId` int(11) DEFAULT NULL
) ENGINE=InnoDB DEFAULT CHARSET=utf8;

--
-- Déchargement des données de la table `commentaires`
--

INSERT INTO `commentaires` (`id`, `comment`, `createdAt`, `updatedAt`, `UserId`, `TipId`) VALUES
(1, 'Phasellus in felis. Donec semper sapien a libero. Nam dui.', '2022-12-29 23:14:49', '2022-12-29 23:14:49', 3, 1),
(2, 'Maecenas tristique, est et tempus semper, est quam pharetra magna, ac consequat metus sapien ut nunc. Vestibulum ante ipsum primis in faucibus orci luctus et ultrices posuere cubilia Curae; Mauris viverra diam vitae quam. Suspendisse potenti.', '2022-12-29 23:14:49', '2022-12-29 23:14:49', 3, 1),
(3, 'Quisque id justo sit amet sapien dignissim vestibulum. Vestibulum ante ipsum primis in faucibus orci luctus et ultrices posuere cubilia Curae; Nulla dapibus dolor vel est. Donec odio justo, sollicitudin ut, suscipit a, feugiat et, eros.\n\nVestibulum ac est lacinia nisi venenatis tristique. Fusce congue, diam id ornare imperdiet, sapien urna pretium nisl, ut volutpat sapien arcu sed augue. Aliquam erat volutpat.', '2022-12-29 23:14:49', '2022-12-29 23:14:49', 3, 1),
(4, 'Praesent id massa id nisl venenatis lacinia. Aenean sit amet justo. Morbi ut odio.', '2022-12-29 23:14:49', '2022-12-29 23:14:49', 3, 1),
(5, 'Mauris enim leo, rhoncus sed, vestibulum sit amet, cursus id, turpis. Integer aliquet, massa id lobortis convallis, tortor risus dapibus augue, vel accumsan tellus nisi eu orci. Mauris lacinia sapien quis libero.\n\nNullam sit amet turpis elementum ligula vehicula consequat. Morbi a ipsum. Integer a nibh.', '2022-12-29 23:14:49', '2022-12-29 23:14:49', 3, 1),
(6, 'In sagittis dui vel nisl. Duis ac nibh. Fusce lacus purus, aliquet at, feugiat non, pretium quis, lectus.\n\nSuspendisse potenti. In eleifend quam a odio. In hac habitasse platea dictumst.', '2022-12-29 23:14:49', '2022-12-29 23:14:49', 4, 2),
(7, 'Praesent blandit. Nam nulla. Integer pede justo, lacinia eget, tincidunt eget, tempus vel, pede.', '2022-12-29 23:14:49', '2022-12-29 23:14:49', 4, 2),
(8, 'Aliquam quis turpis eget elit sodales scelerisque. Mauris sit amet eros. Suspendisse accumsan tortor quis turpis.\n\nSed ante. Vivamus tortor. Duis mattis egestas metus.', '2022-12-29 23:14:49', '2022-12-29 23:14:49', 4, 2),
(9, 'Integer ac leo. Pellentesque ultrices mattis odio. Donec vitae nisi.', '2022-12-29 23:14:49', '2022-12-29 23:14:49', 4, 2),
(10, 'Quisque id justo sit amet sapien dignissim vestibulum. Vestibulum ante ipsum primis in faucibus orci luctus et ultrices posuere cubilia Curae; Nulla dapibus dolor vel est. Donec odio justo, sollicitudin ut, suscipit a, feugiat et, eros.\n\nVestibulum ac est lacinia nisi venenatis tristique. Fusce congue, diam id ornare imperdiet, sapien urna pretium nisl, ut volutpat sapien arcu sed augue. Aliquam erat volutpat.', '2022-12-29 23:14:49', '2022-12-29 23:14:49', 4, 2),
(11, 'Aenean fermentum. Donec ut mauris eget massa tempor convallis. Nulla neque libero, convallis eget, eleifend luctus, ultricies eu, nibh.\n\nQuisque id justo sit amet sapien dignissim vestibulum. Vestibulum ante ipsum primis in faucibus orci luctus et ultrices posuere cubilia Curae; Nulla dapibus dolor vel est. Donec odio justo, sollicitudin ut, suscipit a, feugiat et, eros.', '2022-12-29 23:14:49', '2022-12-29 23:14:49', 5, 3),
(12, 'Sed sagittis. Nam congue, risus semper porta volutpat, quam pede lobortis ligula, sit amet eleifend pede libero quis orci. Nullam molestie nibh in lectus.\n\nPellentesque at nulla. Suspendisse potenti. Cras in purus eu magna vulputate luctus.', '2022-12-29 23:14:49', '2022-12-29 23:14:49', 5, 3),
(13, 'Maecenas ut massa quis augue luctus tincidunt. Nulla mollis molestie lorem. Quisque ut erat.\n\nCurabitur gravida nisi at nibh. In hac habitasse platea dictumst. Aliquam augue quam, sollicitudin vitae, consectetuer eget, rutrum at, lorem.', '2022-12-29 23:14:49', '2022-12-29 23:14:49', 5, 3),
(14, 'Cras mi pede, malesuada in, imperdiet et, commodo vulputate, justo. In blandit ultrices enim. Lorem ipsum dolor sit amet, consectetuer adipiscing elit.\n\nProin interdum mauris non ligula pellentesque ultrices. Phasellus id sapien in sapien iaculis congue. Vivamus metus arcu, adipiscing molestie, hendrerit at, vulputate vitae, nisl.', '2022-12-29 23:14:49', '2022-12-29 23:14:49', 5, 3),
(15, 'Proin eu mi. Nulla ac enim. In tempor, turpis nec euismod scelerisque, quam turpis adipiscing lorem, vitae mattis nibh ligula nec sem.', '2022-12-29 23:14:49', '2022-12-29 23:14:49', 5, 3),
(16, 'Integer ac leo. Pellentesque ultrices mattis odio. Donec vitae nisi.', '2022-12-29 23:14:49', '2022-12-29 23:14:49', 6, 4),
(17, 'Cras non velit nec nisi vulputate nonummy. Maecenas tincidunt lacus at velit. Vivamus vel nulla eget eros elementum pellentesque.', '2022-12-29 23:14:49', '2022-12-29 23:14:49', 6, 4),
(18, 'Aenean fermentum. Donec ut mauris eget massa tempor convallis. Nulla neque libero, convallis eget, eleifend luctus, ultricies eu, nibh.\n\nQuisque id justo sit amet sapien dignissim vestibulum. Vestibulum ante ipsum primis in faucibus orci luctus et ultrices posuere cubilia Curae; Nulla dapibus dolor vel est. Donec odio justo, sollicitudin ut, suscipit a, feugiat et, eros.', '2022-12-29 23:14:49', '2022-12-29 23:14:49', 6, 4),
(19, 'Aenean lectus. Pellentesque eget nunc. Donec quis orci eget orci vehicula condimentum.\n\nCurabitur in libero ut massa volutpat convallis. Morbi odio odio, elementum eu, interdum eu, tincidunt in, leo. Maecenas pulvinar lobortis est.', '2022-12-29 23:14:49', '2022-12-29 23:14:49', 6, 4),
(20, 'Integer ac leo. Pellentesque ultrices mattis odio. Donec vitae nisi.', '2022-12-29 23:14:49', '2022-12-29 23:14:49', 6, 4),
(21, 'Mauris enim leo, rhoncus sed, vestibulum sit amet, cursus id, turpis. Integer aliquet, massa id lobortis convallis, tortor risus dapibus augue, vel accumsan tellus nisi eu orci. Mauris lacinia sapien quis libero.\n\nNullam sit amet turpis elementum ligula vehicula consequat. Morbi a ipsum. Integer a nibh.', '2022-12-29 23:14:49', '2022-12-29 23:14:49', 7, 5),
(22, 'Praesent id massa id nisl venenatis lacinia. Aenean sit amet justo. Morbi ut odio.\n\nCras mi pede, malesuada in, imperdiet et, commodo vulputate, justo. In blandit ultrices enim. Lorem ipsum dolor sit amet, consectetuer adipiscing elit.', '2022-12-29 23:14:49', '2022-12-29 23:14:49', 7, 5),
(23, 'Maecenas ut massa quis augue luctus tincidunt. Nulla mollis molestie lorem. Quisque ut erat.\n\nCurabitur gravida nisi at nibh. In hac habitasse platea dictumst. Aliquam augue quam, sollicitudin vitae, consectetuer eget, rutrum at, lorem.', '2022-12-29 23:14:49', '2022-12-29 23:14:49', 7, 5),
(24, 'Cras mi pede, malesuada in, imperdiet et, commodo vulputate, justo. In blandit ultrices enim. Lorem ipsum dolor sit amet, consectetuer adipiscing elit.\n\nProin interdum mauris non ligula pellentesque ultrices. Phasellus id sapien in sapien iaculis congue. Vivamus metus arcu, adipiscing molestie, hendrerit at, vulputate vitae, nisl.', '2022-12-29 23:14:49', '2022-12-29 23:14:49', 7, 5),
(25, 'Fusce consequat. Nulla nisl. Nunc nisl.\n\nDuis bibendum, felis sed interdum venenatis, turpis enim blandit mi, in porttitor pede justo eu massa. Donec dapibus. Duis at velit eu est congue elementum.', '2022-12-29 23:14:49', '2022-12-29 23:14:49', 7, 5),
(26, 'Sed sagittis. Nam congue, risus semper porta volutpat, quam pede lobortis ligula, sit amet eleifend pede libero quis orci. Nullam molestie nibh in lectus.\n\nPellentesque at nulla. Suspendisse potenti. Cras in purus eu magna vulputate luctus.', '2022-12-29 23:14:49', '2022-12-29 23:14:49', 8, 6),
(27, 'Sed sagittis. Nam congue, risus semper porta volutpat, quam pede lobortis ligula, sit amet eleifend pede libero quis orci. Nullam molestie nibh in lectus.', '2022-12-29 23:14:49', '2022-12-29 23:14:49', 8, 6),
(28, 'Nullam porttitor lacus at turpis. Donec posuere metus vitae ipsum. Aliquam non mauris.\n\nMorbi non lectus. Aliquam sit amet diam in magna bibendum imperdiet. Nullam orci pede, venenatis non, sodales sed, tincidunt eu, felis.', '2022-12-29 23:14:49', '2022-12-29 23:14:49', 8, 6),
(29, 'Mauris enim leo, rhoncus sed, vestibulum sit amet, cursus id, turpis. Integer aliquet, massa id lobortis convallis, tortor risus dapibus augue, vel accumsan tellus nisi eu orci. Mauris lacinia sapien quis libero.', '2022-12-29 23:14:49', '2022-12-29 23:14:49', 8, 6),
(30, 'Integer ac leo. Pellentesque ultrices mattis odio. Donec vitae nisi.\n\nNam ultrices, libero non mattis pulvinar, nulla pede ullamcorper augue, a suscipit nulla elit ac nulla. Sed vel enim sit amet nunc viverra dapibus. Nulla suscipit ligula in lacus.', '2022-12-29 23:14:49', '2022-12-29 23:14:49', 8, 6),
(31, 'Phasellus in felis. Donec semper sapien a libero. Nam dui.', '2022-12-29 23:14:49', '2022-12-29 23:14:49', 9, 7),
(32, 'Cras mi pede, malesuada in, imperdiet et, commodo vulputate, justo. In blandit ultrices enim. Lorem ipsum dolor sit amet, consectetuer adipiscing elit.\n\nProin interdum mauris non ligula pellentesque ultrices. Phasellus id sapien in sapien iaculis congue. Vivamus metus arcu, adipiscing molestie, hendrerit at, vulputate vitae, nisl.', '2022-12-29 23:14:49', '2022-12-29 23:14:49', 9, 7),
(33, 'Fusce consequat. Nulla nisl. Nunc nisl.', '2022-12-29 23:14:49', '2022-12-29 23:14:49', 9, 7),
(34, 'Aenean fermentum. Donec ut mauris eget massa tempor convallis. Nulla neque libero, convallis eget, eleifend luctus, ultricies eu, nibh.\n\nQuisque id justo sit amet sapien dignissim vestibulum. Vestibulum ante ipsum primis in faucibus orci luctus et ultrices posuere cubilia Curae; Nulla dapibus dolor vel est. Donec odio justo, sollicitudin ut, suscipit a, feugiat et, eros.', '2022-12-29 23:14:49', '2022-12-29 23:14:49', 9, 7),
(35, 'Integer ac leo. Pellentesque ultrices mattis odio. Donec vitae nisi.\n\nNam ultrices, libero non mattis pulvinar, nulla pede ullamcorper augue, a suscipit nulla elit ac nulla. Sed vel enim sit amet nunc viverra dapibus. Nulla suscipit ligula in lacus.', '2022-12-29 23:14:49', '2022-12-29 23:14:49', 9, 7),
(36, 'Morbi non lectus. Aliquam sit amet diam in magna bibendum imperdiet. Nullam orci pede, venenatis non, sodales sed, tincidunt eu, felis.\n\nFusce posuere felis sed lacus. Morbi sem mauris, laoreet ut, rhoncus aliquet, pulvinar sed, nisl. Nunc rhoncus dui vel sem.', '2022-12-29 23:14:49', '2022-12-29 23:14:49', 10, 8),
(37, 'In sagittis dui vel nisl. Duis ac nibh. Fusce lacus purus, aliquet at, feugiat non, pretium quis, lectus.\n\nSuspendisse potenti. In eleifend quam a odio. In hac habitasse platea dictumst.', '2022-12-29 23:14:49', '2022-12-29 23:14:49', 10, 8),
(38, 'Nullam porttitor lacus at turpis. Donec posuere metus vitae ipsum. Aliquam non mauris.', '2022-12-29 23:14:49', '2022-12-29 23:14:49', 10, 8),
(39, 'In congue. Etiam justo. Etiam pretium iaculis justo.', '2022-12-29 23:14:49', '2022-12-29 23:14:49', 10, 8),
(40, 'Cum sociis natoque penatibus et magnis dis parturient montes, nascetur ridiculus mus. Vivamus vestibulum sagittis sapien. Cum sociis natoque penatibus et magnis dis parturient montes, nascetur ridiculus mus.\n\nEtiam vel augue. Vestibulum rutrum rutrum neque. Aenean auctor gravida sem.', '2022-12-29 23:14:49', '2022-12-29 23:14:49', 10, 8),
(41, 'Praesent id massa id nisl venenatis lacinia. Aenean sit amet justo. Morbi ut odio.\n\nCras mi pede, malesuada in, imperdiet et, commodo vulputate, justo. In blandit ultrices enim. Lorem ipsum dolor sit amet, consectetuer adipiscing elit.', '2022-12-29 23:14:49', '2022-12-29 23:14:49', 11, 9),
(42, 'Integer tincidunt ante vel ipsum. Praesent blandit lacinia erat. Vestibulum sed magna at nunc commodo placerat.', '2022-12-29 23:14:49', '2022-12-29 23:14:49', 11, 9),
(43, 'Maecenas leo odio, condimentum id, luctus nec, molestie sed, justo. Pellentesque viverra pede ac diam. Cras pellentesque volutpat dui.', '2022-12-29 23:14:49', '2022-12-29 23:14:49', 11, 9),
(44, 'In congue. Etiam justo. Etiam pretium iaculis justo.', '2022-12-29 23:14:49', '2022-12-29 23:14:49', 11, 9),
(45, 'In hac habitasse platea dictumst. Morbi vestibulum, velit id pretium iaculis, diam erat fermentum justo, nec condimentum neque sapien placerat ante. Nulla justo.\n\nAliquam quis turpis eget elit sodales scelerisque. Mauris sit amet eros. Suspendisse accumsan tortor quis turpis.', '2022-12-29 23:14:49', '2022-12-29 23:14:49', 11, 9),
(46, 'Praesent id massa id nisl venenatis lacinia. Aenean sit amet justo. Morbi ut odio.', '2022-12-29 23:14:49', '2022-12-29 23:14:49', 12, 10),
(47, 'Morbi non lectus. Aliquam sit amet diam in magna bibendum imperdiet. Nullam orci pede, venenatis non, sodales sed, tincidunt eu, felis.', '2022-12-29 23:14:49', '2022-12-29 23:14:49', 12, 10),
(48, 'Integer tincidunt ante vel ipsum. Praesent blandit lacinia erat. Vestibulum sed magna at nunc commodo placerat.', '2022-12-29 23:14:49', '2022-12-29 23:14:49', 12, 10),
(49, 'Praesent id massa id nisl venenatis lacinia. Aenean sit amet justo. Morbi ut odio.', '2022-12-29 23:14:49', '2022-12-29 23:14:49', 12, 10),
(50, 'Integer ac leo. Pellentesque ultrices mattis odio. Donec vitae nisi.\n\nNam ultrices, libero non mattis pulvinar, nulla pede ullamcorper augue, a suscipit nulla elit ac nulla. Sed vel enim sit amet nunc viverra dapibus. Nulla suscipit ligula in lacus.', '2022-12-29 23:14:49', '2022-12-29 23:14:49', 12, 10),
(51, 'Etiam vel augue. Vestibulum rutrum rutrum neque. Aenean auctor gravida sem.\n\nPraesent id massa id nisl venenatis lacinia. Aenean sit amet justo. Morbi ut odio.', '2022-12-29 23:14:49', '2022-12-29 23:14:49', 13, 11),
(52, 'Nullam porttitor lacus at turpis. Donec posuere metus vitae ipsum. Aliquam non mauris.', '2022-12-29 23:14:49', '2022-12-29 23:14:49', 13, 11),
(53, 'Duis aliquam convallis nunc. Proin at turpis a pede posuere nonummy. Integer non velit.', '2022-12-29 23:14:49', '2022-12-29 23:14:49', 13, 11),
(54, 'Cum sociis natoque penatibus et magnis dis parturient montes, nascetur ridiculus mus. Vivamus vestibulum sagittis sapien. Cum sociis natoque penatibus et magnis dis parturient montes, nascetur ridiculus mus.\n\nEtiam vel augue. Vestibulum rutrum rutrum neque. Aenean auctor gravida sem.', '2022-12-29 23:14:49', '2022-12-29 23:14:49', 13, 11),
(55, 'Donec diam neque, vestibulum eget, vulputate ut, ultrices vel, augue. Vestibulum ante ipsum primis in faucibus orci luctus et ultrices posuere cubilia Curae; Donec pharetra, magna vestibulum aliquet ultrices, erat tortor sollicitudin mi, sit amet lobortis sapien sapien non mi. Integer ac neque.', '2022-12-29 23:14:49', '2022-12-29 23:14:49', 13, 11),
(56, 'Mauris enim leo, rhoncus sed, vestibulum sit amet, cursus id, turpis. Integer aliquet, massa id lobortis convallis, tortor risus dapibus augue, vel accumsan tellus nisi eu orci. Mauris lacinia sapien quis libero.', '2022-12-29 23:14:49', '2022-12-29 23:14:49', 14, 12),
(57, 'Etiam vel augue. Vestibulum rutrum rutrum neque. Aenean auctor gravida sem.\n\nPraesent id massa id nisl venenatis lacinia. Aenean sit amet justo. Morbi ut odio.', '2022-12-29 23:14:49', '2022-12-29 23:14:49', 14, 12),
(58, 'Phasellus in felis. Donec semper sapien a libero. Nam dui.\n\nProin leo odio, porttitor id, consequat in, consequat ut, nulla. Sed accumsan felis. Ut at dolor quis odio consequat varius.', '2022-12-29 23:14:49', '2022-12-29 23:14:49', 14, 12),
(59, 'Fusce posuere felis sed lacus. Morbi sem mauris, laoreet ut, rhoncus aliquet, pulvinar sed, nisl. Nunc rhoncus dui vel sem.\n\nSed sagittis. Nam congue, risus semper porta volutpat, quam pede lobortis ligula, sit amet eleifend pede libero quis orci. Nullam molestie nibh in lectus.', '2022-12-29 23:14:49', '2022-12-29 23:14:49', 14, 12),
(60, 'Phasellus in felis. Donec semper sapien a libero. Nam dui.\n\nProin leo odio, porttitor id, consequat in, consequat ut, nulla. Sed accumsan felis. Ut at dolor quis odio consequat varius.', '2022-12-29 23:14:49', '2022-12-29 23:14:49', 14, 12),
(61, 'In hac habitasse platea dictumst. Morbi vestibulum, velit id pretium iaculis, diam erat fermentum justo, nec condimentum neque sapien placerat ante. Nulla justo.', '2022-12-29 23:14:49', '2022-12-29 23:14:49', 15, 13),
(62, 'Integer tincidunt ante vel ipsum. Praesent blandit lacinia erat. Vestibulum sed magna at nunc commodo placerat.\n\nPraesent blandit. Nam nulla. Integer pede justo, lacinia eget, tincidunt eget, tempus vel, pede.', '2022-12-29 23:14:49', '2022-12-29 23:14:49', 15, 13),
(63, 'Curabitur gravida nisi at nibh. In hac habitasse platea dictumst. Aliquam augue quam, sollicitudin vitae, consectetuer eget, rutrum at, lorem.', '2022-12-29 23:14:49', '2022-12-29 23:14:49', 15, 13),
(64, 'In hac habitasse platea dictumst. Morbi vestibulum, velit id pretium iaculis, diam erat fermentum justo, nec condimentum neque sapien placerat ante. Nulla justo.\n\nAliquam quis turpis eget elit sodales scelerisque. Mauris sit amet eros. Suspendisse accumsan tortor quis turpis.', '2022-12-29 23:14:49', '2022-12-29 23:14:49', 15, 13),
(65, 'In hac habitasse platea dictumst. Etiam faucibus cursus urna. Ut tellus.', '2022-12-29 23:14:49', '2022-12-29 23:14:49', 15, 13),
(66, 'Maecenas ut massa quis augue luctus tincidunt. Nulla mollis molestie lorem. Quisque ut erat.\n\nCurabitur gravida nisi at nibh. In hac habitasse platea dictumst. Aliquam augue quam, sollicitudin vitae, consectetuer eget, rutrum at, lorem.', '2022-12-29 23:14:49', '2022-12-29 23:14:49', 16, 14),
(67, 'Cum sociis natoque penatibus et magnis dis parturient montes, nascetur ridiculus mus. Vivamus vestibulum sagittis sapien. Cum sociis natoque penatibus et magnis dis parturient montes, nascetur ridiculus mus.\n\nEtiam vel augue. Vestibulum rutrum rutrum neque. Aenean auctor gravida sem.', '2022-12-29 23:14:49', '2022-12-29 23:14:49', 16, 14),
(68, 'In hac habitasse platea dictumst. Etiam faucibus cursus urna. Ut tellus.', '2022-12-29 23:14:49', '2022-12-29 23:14:49', 16, 14),
(69, 'Cras non velit nec nisi vulputate nonummy. Maecenas tincidunt lacus at velit. Vivamus vel nulla eget eros elementum pellentesque.', '2022-12-29 23:14:49', '2022-12-29 23:14:49', 16, 14),
(70, 'Integer tincidunt ante vel ipsum. Praesent blandit lacinia erat. Vestibulum sed magna at nunc commodo placerat.', '2022-12-29 23:14:49', '2022-12-29 23:14:49', 16, 14),
(71, 'Etiam vel augue. Vestibulum rutrum rutrum neque. Aenean auctor gravida sem.\n\nPraesent id massa id nisl venenatis lacinia. Aenean sit amet justo. Morbi ut odio.', '2022-12-29 23:14:49', '2022-12-29 23:14:49', 17, 15),
(72, 'Cum sociis natoque penatibus et magnis dis parturient montes, nascetur ridiculus mus. Vivamus vestibulum sagittis sapien. Cum sociis natoque penatibus et magnis dis parturient montes, nascetur ridiculus mus.\n\nEtiam vel augue. Vestibulum rutrum rutrum neque. Aenean auctor gravida sem.', '2022-12-29 23:14:49', '2022-12-29 23:14:49', 17, 15),
(73, 'Cum sociis natoque penatibus et magnis dis parturient montes, nascetur ridiculus mus. Vivamus vestibulum sagittis sapien. Cum sociis natoque penatibus et magnis dis parturient montes, nascetur ridiculus mus.', '2022-12-29 23:14:49', '2022-12-29 23:14:49', 17, 15),
(74, 'Curabitur at ipsum ac tellus semper interdum. Mauris ullamcorper purus sit amet nulla. Quisque arcu libero, rutrum ac, lobortis vel, dapibus at, diam.', '2022-12-29 23:14:49', '2022-12-29 23:14:49', 17, 15),
(75, 'Phasellus in felis. Donec semper sapien a libero. Nam dui.', '2022-12-29 23:14:49', '2022-12-29 23:14:49', 17, 15),
(76, 'Duis bibendum, felis sed interdum venenatis, turpis enim blandit mi, in porttitor pede justo eu massa. Donec dapibus. Duis at velit eu est congue elementum.', '2022-12-29 23:14:49', '2022-12-29 23:14:49', 18, 16),
(77, 'In congue. Etiam justo. Etiam pretium iaculis justo.', '2022-12-29 23:14:49', '2022-12-29 23:14:49', 18, 16),
(78, 'Maecenas leo odio, condimentum id, luctus nec, molestie sed, justo. Pellentesque viverra pede ac diam. Cras pellentesque volutpat dui.', '2022-12-29 23:14:49', '2022-12-29 23:14:49', 18, 16),
(79, 'Quisque id justo sit amet sapien dignissim vestibulum. Vestibulum ante ipsum primis in faucibus orci luctus et ultrices posuere cubilia Curae; Nulla dapibus dolor vel est. Donec odio justo, sollicitudin ut, suscipit a, feugiat et, eros.', '2022-12-29 23:14:49', '2022-12-29 23:14:49', 18, 16),
(80, 'Cum sociis natoque penatibus et magnis dis parturient montes, nascetur ridiculus mus. Vivamus vestibulum sagittis sapien. Cum sociis natoque penatibus et magnis dis parturient montes, nascetur ridiculus mus.\n\nEtiam vel augue. Vestibulum rutrum rutrum neque. Aenean auctor gravida sem.', '2022-12-29 23:14:49', '2022-12-29 23:14:49', 18, 16),
(81, 'Praesent id massa id nisl venenatis lacinia. Aenean sit amet justo. Morbi ut odio.\n\nCras mi pede, malesuada in, imperdiet et, commodo vulputate, justo. In blandit ultrices enim. Lorem ipsum dolor sit amet, consectetuer adipiscing elit.', '2022-12-29 23:14:49', '2022-12-29 23:14:49', 19, 17),
(82, 'Aenean fermentum. Donec ut mauris eget massa tempor convallis. Nulla neque libero, convallis eget, eleifend luctus, ultricies eu, nibh.\n\nQuisque id justo sit amet sapien dignissim vestibulum. Vestibulum ante ipsum primis in faucibus orci luctus et ultrices posuere cubilia Curae; Nulla dapibus dolor vel est. Donec odio justo, sollicitudin ut, suscipit a, feugiat et, eros.', '2022-12-29 23:14:49', '2022-12-29 23:14:49', 19, 17),
(83, 'Quisque id justo sit amet sapien dignissim vestibulum. Vestibulum ante ipsum primis in faucibus orci luctus et ultrices posuere cubilia Curae; Nulla dapibus dolor vel est. Donec odio justo, sollicitudin ut, suscipit a, feugiat et, eros.', '2022-12-29 23:14:49', '2022-12-29 23:14:49', 19, 17),
(84, 'Praesent id massa id nisl venenatis lacinia. Aenean sit amet justo. Morbi ut odio.\n\nCras mi pede, malesuada in, imperdiet et, commodo vulputate, justo. In blandit ultrices enim. Lorem ipsum dolor sit amet, consectetuer adipiscing elit.', '2022-12-29 23:14:49', '2022-12-29 23:14:49', 19, 17),
(85, 'Cum sociis natoque penatibus et magnis dis parturient montes, nascetur ridiculus mus. Vivamus vestibulum sagittis sapien. Cum sociis natoque penatibus et magnis dis parturient montes, nascetur ridiculus mus.', '2022-12-29 23:14:49', '2022-12-29 23:14:49', 19, 17),
(86, 'Praesent blandit. Nam nulla. Integer pede justo, lacinia eget, tincidunt eget, tempus vel, pede.', '2022-12-29 23:14:49', '2022-12-29 23:14:49', 20, 18),
(87, 'Aenean fermentum. Donec ut mauris eget massa tempor convallis. Nulla neque libero, convallis eget, eleifend luctus, ultricies eu, nibh.', '2022-12-29 23:14:49', '2022-12-29 23:14:49', 20, 18),
(88, 'Etiam vel augue. Vestibulum rutrum rutrum neque. Aenean auctor gravida sem.\n\nPraesent id massa id nisl venenatis lacinia. Aenean sit amet justo. Morbi ut odio.', '2022-12-29 23:14:49', '2022-12-29 23:14:49', 20, 18),
(89, 'Aenean lectus. Pellentesque eget nunc. Donec quis orci eget orci vehicula condimentum.\n\nCurabitur in libero ut massa volutpat convallis. Morbi odio odio, elementum eu, interdum eu, tincidunt in, leo. Maecenas pulvinar lobortis est.', '2022-12-29 23:14:49', '2022-12-29 23:14:49', 20, 18),
(90, 'Donec diam neque, vestibulum eget, vulputate ut, ultrices vel, augue. Vestibulum ante ipsum primis in faucibus orci luctus et ultrices posuere cubilia Curae; Donec pharetra, magna vestibulum aliquet ultrices, erat tortor sollicitudin mi, sit amet lobortis sapien sapien non mi. Integer ac neque.\n\nDuis bibendum. Morbi non quam nec dui luctus rutrum. Nulla tellus.', '2022-12-29 23:14:49', '2022-12-29 23:14:49', 20, 18),
(91, 'Donec diam neque, vestibulum eget, vulputate ut, ultrices vel, augue. Vestibulum ante ipsum primis in faucibus orci luctus et ultrices posuere cubilia Curae; Donec pharetra, magna vestibulum aliquet ultrices, erat tortor sollicitudin mi, sit amet lobortis sapien sapien non mi. Integer ac neque.', '2022-12-29 23:14:49', '2022-12-29 23:14:49', 21, 19),
(92, 'Etiam vel augue. Vestibulum rutrum rutrum neque. Aenean auctor gravida sem.\n\nPraesent id massa id nisl venenatis lacinia. Aenean sit amet justo. Morbi ut odio.', '2022-12-29 23:14:49', '2022-12-29 23:14:49', 21, 19),
(93, 'In hac habitasse platea dictumst. Etiam faucibus cursus urna. Ut tellus.', '2022-12-29 23:14:49', '2022-12-29 23:14:49', 21, 19),
(94, 'Nullam sit amet turpis elementum ligula vehicula consequat. Morbi a ipsum. Integer a nibh.', '2022-12-29 23:14:49', '2022-12-29 23:14:49', 21, 19),
(95, 'Fusce posuere felis sed lacus. Morbi sem mauris, laoreet ut, rhoncus aliquet, pulvinar sed, nisl. Nunc rhoncus dui vel sem.\n\nSed sagittis. Nam congue, risus semper porta volutpat, quam pede lobortis ligula, sit amet eleifend pede libero quis orci. Nullam molestie nibh in lectus.', '2022-12-29 23:14:49', '2022-12-29 23:14:49', 21, 19),
(96, 'Nullam porttitor lacus at turpis. Donec posuere metus vitae ipsum. Aliquam non mauris.\n\nMorbi non lectus. Aliquam sit amet diam in magna bibendum imperdiet. Nullam orci pede, venenatis non, sodales sed, tincidunt eu, felis.', '2022-12-29 23:14:49', '2022-12-29 23:14:49', 22, 20),
(97, 'Phasellus in felis. Donec semper sapien a libero. Nam dui.', '2022-12-29 23:14:49', '2022-12-29 23:14:49', 22, 20),
(98, 'Quisque id justo sit amet sapien dignissim vestibulum. Vestibulum ante ipsum primis in faucibus orci luctus et ultrices posuere cubilia Curae; Nulla dapibus dolor vel est. Donec odio justo, sollicitudin ut, suscipit a, feugiat et, eros.\n\nVestibulum ac est lacinia nisi venenatis tristique. Fusce congue, diam id ornare imperdiet, sapien urna pretium nisl, ut volutpat sapien arcu sed augue. Aliquam erat volutpat.', '2022-12-29 23:14:49', '2022-12-29 23:14:49', 22, 20),
(99, 'In hac habitasse platea dictumst. Etiam faucibus cursus urna. Ut tellus.\n\nNulla ut erat id mauris vulputate elementum. Nullam varius. Nulla facilisi.', '2022-12-29 23:14:49', '2022-12-29 23:14:49', 22, 20),
(100, 'Integer ac leo. Pellentesque ultrices mattis odio. Donec vitae nisi.', '2022-12-29 23:14:49', '2022-12-29 23:14:49', 22, 20),
(101, 'Mauris enim leo, rhoncus sed, vestibulum sit amet, cursus id, turpis. Integer aliquet, massa id lobortis convallis, tortor risus dapibus augue, vel accumsan tellus nisi eu orci. Mauris lacinia sapien quis libero.\n\nNullam sit amet turpis elementum ligula vehicula consequat. Morbi a ipsum. Integer a nibh.', '2022-12-29 23:14:49', '2022-12-29 23:14:49', 23, 21),
(102, 'Aenean fermentum. Donec ut mauris eget massa tempor convallis. Nulla neque libero, convallis eget, eleifend luctus, ultricies eu, nibh.\n\nQuisque id justo sit amet sapien dignissim vestibulum. Vestibulum ante ipsum primis in faucibus orci luctus et ultrices posuere cubilia Curae; Nulla dapibus dolor vel est. Donec odio justo, sollicitudin ut, suscipit a, feugiat et, eros.', '2022-12-29 23:14:49', '2022-12-29 23:14:49', 23, 21),
(103, 'Phasellus in felis. Donec semper sapien a libero. Nam dui.', '2022-12-29 23:14:49', '2022-12-29 23:14:49', 23, 21),
(104, 'Duis bibendum, felis sed interdum venenatis, turpis enim blandit mi, in porttitor pede justo eu massa. Donec dapibus. Duis at velit eu est congue elementum.\n\nIn hac habitasse platea dictumst. Morbi vestibulum, velit id pretium iaculis, diam erat fermentum justo, nec condimentum neque sapien placerat ante. Nulla justo.', '2022-12-29 23:14:49', '2022-12-29 23:14:49', 23, 21),
(105, 'Integer ac leo. Pellentesque ultrices mattis odio. Donec vitae nisi.\n\nNam ultrices, libero non mattis pulvinar, nulla pede ullamcorper augue, a suscipit nulla elit ac nulla. Sed vel enim sit amet nunc viverra dapibus. Nulla suscipit ligula in lacus.', '2022-12-29 23:14:49', '2022-12-29 23:14:49', 23, 21),
(106, 'Sed sagittis. Nam congue, risus semper porta volutpat, quam pede lobortis ligula, sit amet eleifend pede libero quis orci. Nullam molestie nibh in lectus.\n\nPellentesque at nulla. Suspendisse potenti. Cras in purus eu magna vulputate luctus.', '2022-12-29 23:14:49', '2022-12-29 23:14:49', 24, 22),
(107, 'In hac habitasse platea dictumst. Etiam faucibus cursus urna. Ut tellus.', '2022-12-29 23:14:49', '2022-12-29 23:14:49', 24, 22),
(108, 'Duis aliquam convallis nunc. Proin at turpis a pede posuere nonummy. Integer non velit.', '2022-12-29 23:14:49', '2022-12-29 23:14:49', 24, 22),
(109, 'Morbi non lectus. Aliquam sit amet diam in magna bibendum imperdiet. Nullam orci pede, venenatis non, sodales sed, tincidunt eu, felis.\n\nFusce posuere felis sed lacus. Morbi sem mauris, laoreet ut, rhoncus aliquet, pulvinar sed, nisl. Nunc rhoncus dui vel sem.', '2022-12-29 23:14:49', '2022-12-29 23:14:49', 24, 22),
(110, 'Duis bibendum, felis sed interdum venenatis, turpis enim blandit mi, in porttitor pede justo eu massa. Donec dapibus. Duis at velit eu est congue elementum.', '2022-12-29 23:14:49', '2022-12-29 23:14:49', 24, 22),
(111, 'Quisque id justo sit amet sapien dignissim vestibulum. Vestibulum ante ipsum primis in faucibus orci luctus et ultrices posuere cubilia Curae; Nulla dapibus dolor vel est. Donec odio justo, sollicitudin ut, suscipit a, feugiat et, eros.', '2022-12-29 23:14:49', '2022-12-29 23:14:49', 25, 23),
(112, 'Sed sagittis. Nam congue, risus semper porta volutpat, quam pede lobortis ligula, sit amet eleifend pede libero quis orci. Nullam molestie nibh in lectus.', '2022-12-29 23:14:49', '2022-12-29 23:14:49', 25, 23),
(113, 'Integer tincidunt ante vel ipsum. Praesent blandit lacinia erat. Vestibulum sed magna at nunc commodo placerat.\n\nPraesent blandit. Nam nulla. Integer pede justo, lacinia eget, tincidunt eget, tempus vel, pede.', '2022-12-29 23:14:49', '2022-12-29 23:14:49', 25, 23),
(114, 'Curabitur in libero ut massa volutpat convallis. Morbi odio odio, elementum eu, interdum eu, tincidunt in, leo. Maecenas pulvinar lobortis est.', '2022-12-29 23:14:49', '2022-12-29 23:14:49', 25, 23),
(115, 'Mauris enim leo, rhoncus sed, vestibulum sit amet, cursus id, turpis. Integer aliquet, massa id lobortis convallis, tortor risus dapibus augue, vel accumsan tellus nisi eu orci. Mauris lacinia sapien quis libero.', '2022-12-29 23:14:49', '2022-12-29 23:14:49', 25, 23),
(116, 'Integer ac leo. Pellentesque ultrices mattis odio. Donec vitae nisi.\n\nNam ultrices, libero non mattis pulvinar, nulla pede ullamcorper augue, a suscipit nulla elit ac nulla. Sed vel enim sit amet nunc viverra dapibus. Nulla suscipit ligula in lacus.', '2022-12-29 23:14:49', '2022-12-29 23:14:49', 26, 24),
(117, 'Donec diam neque, vestibulum eget, vulputate ut, ultrices vel, augue. Vestibulum ante ipsum primis in faucibus orci luctus et ultrices posuere cubilia Curae; Donec pharetra, magna vestibulum aliquet ultrices, erat tortor sollicitudin mi, sit amet lobortis sapien sapien non mi. Integer ac neque.', '2022-12-29 23:14:49', '2022-12-29 23:14:49', 26, 24),
(118, 'Integer ac leo. Pellentesque ultrices mattis odio. Donec vitae nisi.', '2022-12-29 23:14:49', '2022-12-29 23:14:49', 26, 24),
(119, 'In hac habitasse platea dictumst. Etiam faucibus cursus urna. Ut tellus.', '2022-12-29 23:14:49', '2022-12-29 23:14:49', 26, 24),
(120, 'Praesent id massa id nisl venenatis lacinia. Aenean sit amet justo. Morbi ut odio.\n\nCras mi pede, malesuada in, imperdiet et, commodo vulputate, justo. In blandit ultrices enim. Lorem ipsum dolor sit amet, consectetuer adipiscing elit.', '2022-12-29 23:14:49', '2022-12-29 23:14:49', 26, 24),
(121, 'In congue. Etiam justo. Etiam pretium iaculis justo.', '2022-12-29 23:14:49', '2022-12-29 23:14:49', 27, 25),
(122, 'Nullam sit amet turpis elementum ligula vehicula consequat. Morbi a ipsum. Integer a nibh.', '2022-12-29 23:14:49', '2022-12-29 23:14:49', 27, 25),
(123, 'In hac habitasse platea dictumst. Morbi vestibulum, velit id pretium iaculis, diam erat fermentum justo, nec condimentum neque sapien placerat ante. Nulla justo.', '2022-12-29 23:14:49', '2022-12-29 23:14:49', 27, 25),
(124, 'Cras non velit nec nisi vulputate nonummy. Maecenas tincidunt lacus at velit. Vivamus vel nulla eget eros elementum pellentesque.', '2022-12-29 23:14:49', '2022-12-29 23:14:49', 27, 25),
(125, 'Maecenas tristique, est et tempus semper, est quam pharetra magna, ac consequat metus sapien ut nunc. Vestibulum ante ipsum primis in faucibus orci luctus et ultrices posuere cubilia Curae; Mauris viverra diam vitae quam. Suspendisse potenti.', '2022-12-29 23:14:49', '2022-12-29 23:14:49', 27, 25),
(126, 'Etiam vel augue. Vestibulum rutrum rutrum neque. Aenean auctor gravida sem.\n\nPraesent id massa id nisl venenatis lacinia. Aenean sit amet justo. Morbi ut odio.', '2022-12-29 23:14:49', '2022-12-29 23:14:49', 28, 26),
(127, 'Maecenas tristique, est et tempus semper, est quam pharetra magna, ac consequat metus sapien ut nunc. Vestibulum ante ipsum primis in faucibus orci luctus et ultrices posuere cubilia Curae; Mauris viverra diam vitae quam. Suspendisse potenti.', '2022-12-29 23:14:49', '2022-12-29 23:14:49', 28, 26),
(128, 'Morbi porttitor lorem id ligula. Suspendisse ornare consequat lectus. In est risus, auctor sed, tristique in, tempus sit amet, sem.\n\nFusce consequat. Nulla nisl. Nunc nisl.', '2022-12-29 23:14:49', '2022-12-29 23:14:49', 28, 26),
(129, 'Sed sagittis. Nam congue, risus semper porta volutpat, quam pede lobortis ligula, sit amet eleifend pede libero quis orci. Nullam molestie nibh in lectus.', '2022-12-29 23:14:49', '2022-12-29 23:14:49', 28, 26),
(130, 'Quisque id justo sit amet sapien dignissim vestibulum. Vestibulum ante ipsum primis in faucibus orci luctus et ultrices posuere cubilia Curae; Nulla dapibus dolor vel est. Donec odio justo, sollicitudin ut, suscipit a, feugiat et, eros.', '2022-12-29 23:14:49', '2022-12-29 23:14:49', 28, 26),
(131, 'Fusce posuere felis sed lacus. Morbi sem mauris, laoreet ut, rhoncus aliquet, pulvinar sed, nisl. Nunc rhoncus dui vel sem.\n\nSed sagittis. Nam congue, risus semper porta volutpat, quam pede lobortis ligula, sit amet eleifend pede libero quis orci. Nullam molestie nibh in lectus.', '2022-12-29 23:14:49', '2022-12-29 23:14:49', 29, 27),
(132, 'Lorem ipsum dolor sit amet, consectetuer adipiscing elit. Proin risus. Praesent lectus.', '2022-12-29 23:14:49', '2022-12-29 23:14:49', 29, 27),
(133, 'Vestibulum quam sapien, varius ut, blandit non, interdum in, ante. Vestibulum ante ipsum primis in faucibus orci luctus et ultrices posuere cubilia Curae; Duis faucibus accumsan odio. Curabitur convallis.', '2022-12-29 23:14:49', '2022-12-29 23:14:49', 29, 27),
(134, 'Integer ac leo. Pellentesque ultrices mattis odio. Donec vitae nisi.', '2022-12-29 23:14:49', '2022-12-29 23:14:49', 29, 27),
(135, 'Curabitur gravida nisi at nibh. In hac habitasse platea dictumst. Aliquam augue quam, sollicitudin vitae, consectetuer eget, rutrum at, lorem.', '2022-12-29 23:14:49', '2022-12-29 23:14:49', 29, 27),
(136, 'Integer ac leo. Pellentesque ultrices mattis odio. Donec vitae nisi.\n\nNam ultrices, libero non mattis pulvinar, nulla pede ullamcorper augue, a suscipit nulla elit ac nulla. Sed vel enim sit amet nunc viverra dapibus. Nulla suscipit ligula in lacus.', '2022-12-29 23:14:49', '2022-12-29 23:14:49', 30, 28),
(137, 'Aenean lectus. Pellentesque eget nunc. Donec quis orci eget orci vehicula condimentum.\n\nCurabitur in libero ut massa volutpat convallis. Morbi odio odio, elementum eu, interdum eu, tincidunt in, leo. Maecenas pulvinar lobortis est.', '2022-12-29 23:14:49', '2022-12-29 23:14:49', 30, 28),
(138, 'Phasellus in felis. Donec semper sapien a libero. Nam dui.', '2022-12-29 23:14:49', '2022-12-29 23:14:49', 30, 28),
(139, 'Integer ac leo. Pellentesque ultrices mattis odio. Donec vitae nisi.\n\nNam ultrices, libero non mattis pulvinar, nulla pede ullamcorper augue, a suscipit nulla elit ac nulla. Sed vel enim sit amet nunc viverra dapibus. Nulla suscipit ligula in lacus.', '2022-12-29 23:14:49', '2022-12-29 23:14:49', 30, 28),
(140, 'Nullam porttitor lacus at turpis. Donec posuere metus vitae ipsum. Aliquam non mauris.\n\nMorbi non lectus. Aliquam sit amet diam in magna bibendum imperdiet. Nullam orci pede, venenatis non, sodales sed, tincidunt eu, felis.', '2022-12-29 23:14:49', '2022-12-29 23:14:49', 30, 28),
(141, 'Sed sagittis. Nam congue, risus semper porta volutpat, quam pede lobortis ligula, sit amet eleifend pede libero quis orci. Nullam molestie nibh in lectus.\n\nPellentesque at nulla. Suspendisse potenti. Cras in purus eu magna vulputate luctus.', '2022-12-29 23:14:49', '2022-12-29 23:14:49', 31, 29),
(142, 'Aenean lectus. Pellentesque eget nunc. Donec quis orci eget orci vehicula condimentum.\n\nCurabitur in libero ut massa volutpat convallis. Morbi odio odio, elementum eu, interdum eu, tincidunt in, leo. Maecenas pulvinar lobortis est.', '2022-12-29 23:14:49', '2022-12-29 23:14:49', 31, 29),
(143, 'Integer ac leo. Pellentesque ultrices mattis odio. Donec vitae nisi.\n\nNam ultrices, libero non mattis pulvinar, nulla pede ullamcorper augue, a suscipit nulla elit ac nulla. Sed vel enim sit amet nunc viverra dapibus. Nulla suscipit ligula in lacus.', '2022-12-29 23:14:49', '2022-12-29 23:14:49', 31, 29),
(144, 'Maecenas leo odio, condimentum id, luctus nec, molestie sed, justo. Pellentesque viverra pede ac diam. Cras pellentesque volutpat dui.', '2022-12-29 23:14:49', '2022-12-29 23:14:49', 31, 29),
(145, 'Integer tincidunt ante vel ipsum. Praesent blandit lacinia erat. Vestibulum sed magna at nunc commodo placerat.\n\nPraesent blandit. Nam nulla. Integer pede justo, lacinia eget, tincidunt eget, tempus vel, pede.', '2022-12-29 23:14:49', '2022-12-29 23:14:49', 31, 29),
(146, 'Proin eu mi. Nulla ac enim. In tempor, turpis nec euismod scelerisque, quam turpis adipiscing lorem, vitae mattis nibh ligula nec sem.', '2022-12-29 23:14:49', '2022-12-29 23:14:49', 32, 30),
(147, 'Integer ac leo. Pellentesque ultrices mattis odio. Donec vitae nisi.', '2022-12-29 23:14:49', '2022-12-29 23:14:49', 32, 30),
(148, 'Etiam vel augue. Vestibulum rutrum rutrum neque. Aenean auctor gravida sem.\n\nPraesent id massa id nisl venenatis lacinia. Aenean sit amet justo. Morbi ut odio.', '2022-12-29 23:14:49', '2022-12-29 23:14:49', 32, 30),
(149, 'Cum sociis natoque penatibus et magnis dis parturient montes, nascetur ridiculus mus. Vivamus vestibulum sagittis sapien. Cum sociis natoque penatibus et magnis dis parturient montes, nascetur ridiculus mus.', '2022-12-29 23:14:49', '2022-12-29 23:14:49', 32, 30),
(150, 'Integer tincidunt ante vel ipsum. Praesent blandit lacinia erat. Vestibulum sed magna at nunc commodo placerat.\n\nPraesent blandit. Nam nulla. Integer pede justo, lacinia eget, tincidunt eget, tempus vel, pede.', '2022-12-29 23:14:49', '2022-12-29 23:14:49', 32, 30),
(151, 'Curabitur gravida nisi at nibh. In hac habitasse platea dictumst. Aliquam augue quam, sollicitudin vitae, consectetuer eget, rutrum at, lorem.', '2022-12-29 23:14:49', '2022-12-29 23:14:49', 33, 31),
(152, 'In hac habitasse platea dictumst. Etiam faucibus cursus urna. Ut tellus.', '2022-12-29 23:14:49', '2022-12-29 23:14:49', 33, 31),
(153, 'In hac habitasse platea dictumst. Etiam faucibus cursus urna. Ut tellus.\n\nNulla ut erat id mauris vulputate elementum. Nullam varius. Nulla facilisi.', '2022-12-29 23:14:49', '2022-12-29 23:14:49', 33, 31),
(154, 'Phasellus in felis. Donec semper sapien a libero. Nam dui.', '2022-12-29 23:14:49', '2022-12-29 23:14:49', 33, 31),
(155, 'Pellentesque at nulla. Suspendisse potenti. Cras in purus eu magna vulputate luctus.', '2022-12-29 23:14:49', '2022-12-29 23:14:49', 33, 31),
(156, 'Curabitur in libero ut massa volutpat convallis. Morbi odio odio, elementum eu, interdum eu, tincidunt in, leo. Maecenas pulvinar lobortis est.', '2022-12-29 23:14:49', '2022-12-29 23:14:49', 34, 32),
(157, 'Integer tincidunt ante vel ipsum. Praesent blandit lacinia erat. Vestibulum sed magna at nunc commodo placerat.\n\nPraesent blandit. Nam nulla. Integer pede justo, lacinia eget, tincidunt eget, tempus vel, pede.', '2022-12-29 23:14:49', '2022-12-29 23:14:49', 34, 32),
(158, 'Cras mi pede, malesuada in, imperdiet et, commodo vulputate, justo. In blandit ultrices enim. Lorem ipsum dolor sit amet, consectetuer adipiscing elit.\n\nProin interdum mauris non ligula pellentesque ultrices. Phasellus id sapien in sapien iaculis congue. Vivamus metus arcu, adipiscing molestie, hendrerit at, vulputate vitae, nisl.', '2022-12-29 23:14:49', '2022-12-29 23:14:49', 34, 32),
(159, 'Cum sociis natoque penatibus et magnis dis parturient montes, nascetur ridiculus mus. Vivamus vestibulum sagittis sapien. Cum sociis natoque penatibus et magnis dis parturient montes, nascetur ridiculus mus.\n\nEtiam vel augue. Vestibulum rutrum rutrum neque. Aenean auctor gravida sem.', '2022-12-29 23:14:49', '2022-12-29 23:14:49', 34, 32),
(160, 'Phasellus in felis. Donec semper sapien a libero. Nam dui.', '2022-12-29 23:14:49', '2022-12-29 23:14:49', 34, 32),
(161, 'Phasellus sit amet erat. Nulla tempus. Vivamus in felis eu sapien cursus vestibulum.\n\nProin eu mi. Nulla ac enim. In tempor, turpis nec euismod scelerisque, quam turpis adipiscing lorem, vitae mattis nibh ligula nec sem.', '2022-12-29 23:14:49', '2022-12-29 23:14:49', 35, 33),
(162, 'In hac habitasse platea dictumst. Morbi vestibulum, velit id pretium iaculis, diam erat fermentum justo, nec condimentum neque sapien placerat ante. Nulla justo.', '2022-12-29 23:14:49', '2022-12-29 23:14:49', 35, 33),
(163, 'In hac habitasse platea dictumst. Etiam faucibus cursus urna. Ut tellus.', '2022-12-29 23:14:49', '2022-12-29 23:14:49', 35, 33),
(164, 'Curabitur in libero ut massa volutpat convallis. Morbi odio odio, elementum eu, interdum eu, tincidunt in, leo. Maecenas pulvinar lobortis est.', '2022-12-29 23:14:49', '2022-12-29 23:14:49', 35, 33),
(165, 'Aenean fermentum. Donec ut mauris eget massa tempor convallis. Nulla neque libero, convallis eget, eleifend luctus, ultricies eu, nibh.', '2022-12-29 23:14:49', '2022-12-29 23:14:49', 35, 33),
(166, 'Sed sagittis. Nam congue, risus semper porta volutpat, quam pede lobortis ligula, sit amet eleifend pede libero quis orci. Nullam molestie nibh in lectus.\n\nPellentesque at nulla. Suspendisse potenti. Cras in purus eu magna vulputate luctus.', '2022-12-29 23:14:49', '2022-12-29 23:14:49', 36, 34),
(167, 'Phasellus in felis. Donec semper sapien a libero. Nam dui.', '2022-12-29 23:14:49', '2022-12-29 23:14:49', 36, 34),
(168, 'Vestibulum quam sapien, varius ut, blandit non, interdum in, ante. Vestibulum ante ipsum primis in faucibus orci luctus et ultrices posuere cubilia Curae; Duis faucibus accumsan odio. Curabitur convallis.', '2022-12-29 23:14:49', '2022-12-29 23:14:49', 36, 34),
(169, 'Curabitur gravida nisi at nibh. In hac habitasse platea dictumst. Aliquam augue quam, sollicitudin vitae, consectetuer eget, rutrum at, lorem.', '2022-12-29 23:14:49', '2022-12-29 23:14:49', 36, 34),
(170, 'Aenean fermentum. Donec ut mauris eget massa tempor convallis. Nulla neque libero, convallis eget, eleifend luctus, ultricies eu, nibh.\n\nQuisque id justo sit amet sapien dignissim vestibulum. Vestibulum ante ipsum primis in faucibus orci luctus et ultrices posuere cubilia Curae; Nulla dapibus dolor vel est. Donec odio justo, sollicitudin ut, suscipit a, feugiat et, eros.', '2022-12-29 23:14:49', '2022-12-29 23:14:49', 36, 34),
(171, 'Proin eu mi. Nulla ac enim. In tempor, turpis nec euismod scelerisque, quam turpis adipiscing lorem, vitae mattis nibh ligula nec sem.', '2022-12-29 23:14:49', '2022-12-29 23:14:49', 37, 35),
(172, 'In hac habitasse platea dictumst. Morbi vestibulum, velit id pretium iaculis, diam erat fermentum justo, nec condimentum neque sapien placerat ante. Nulla justo.\n\nAliquam quis turpis eget elit sodales scelerisque. Mauris sit amet eros. Suspendisse accumsan tortor quis turpis.', '2022-12-29 23:14:49', '2022-12-29 23:14:49', 37, 35),
(173, 'Phasellus in felis. Donec semper sapien a libero. Nam dui.', '2022-12-29 23:14:49', '2022-12-29 23:14:49', 37, 35),
(174, 'Donec diam neque, vestibulum eget, vulputate ut, ultrices vel, augue. Vestibulum ante ipsum primis in faucibus orci luctus et ultrices posuere cubilia Curae; Donec pharetra, magna vestibulum aliquet ultrices, erat tortor sollicitudin mi, sit amet lobortis sapien sapien non mi. Integer ac neque.', '2022-12-29 23:14:49', '2022-12-29 23:14:49', 37, 35),
(175, 'In hac habitasse platea dictumst. Morbi vestibulum, velit id pretium iaculis, diam erat fermentum justo, nec condimentum neque sapien placerat ante. Nulla justo.\n\nAliquam quis turpis eget elit sodales scelerisque. Mauris sit amet eros. Suspendisse accumsan tortor quis turpis.', '2022-12-29 23:14:49', '2022-12-29 23:14:49', 37, 35),
(176, 'Pellentesque at nulla. Suspendisse potenti. Cras in purus eu magna vulputate luctus.', '2022-12-29 23:14:49', '2022-12-29 23:14:49', 38, 36),
(177, 'Phasellus in felis. Donec semper sapien a libero. Nam dui.\n\nProin leo odio, porttitor id, consequat in, consequat ut, nulla. Sed accumsan felis. Ut at dolor quis odio consequat varius.', '2022-12-29 23:14:49', '2022-12-29 23:14:49', 38, 36),
(178, 'Maecenas leo odio, condimentum id, luctus nec, molestie sed, justo. Pellentesque viverra pede ac diam. Cras pellentesque volutpat dui.', '2022-12-29 23:14:49', '2022-12-29 23:14:49', 38, 36),
(179, 'Pellentesque at nulla. Suspendisse potenti. Cras in purus eu magna vulputate luctus.', '2022-12-29 23:14:49', '2022-12-29 23:14:49', 38, 36),
(180, 'Cum sociis natoque penatibus et magnis dis parturient montes, nascetur ridiculus mus. Vivamus vestibulum sagittis sapien. Cum sociis natoque penatibus et magnis dis parturient montes, nascetur ridiculus mus.', '2022-12-29 23:14:49', '2022-12-29 23:14:49', 38, 36),
(181, 'Maecenas ut massa quis augue luctus tincidunt. Nulla mollis molestie lorem. Quisque ut erat.\n\nCurabitur gravida nisi at nibh. In hac habitasse platea dictumst. Aliquam augue quam, sollicitudin vitae, consectetuer eget, rutrum at, lorem.', '2022-12-29 23:14:49', '2022-12-29 23:14:49', 39, 37),
(182, 'Quisque id justo sit amet sapien dignissim vestibulum. Vestibulum ante ipsum primis in faucibus orci luctus et ultrices posuere cubilia Curae; Nulla dapibus dolor vel est. Donec odio justo, sollicitudin ut, suscipit a, feugiat et, eros.\n\nVestibulum ac est lacinia nisi venenatis tristique. Fusce congue, diam id ornare imperdiet, sapien urna pretium nisl, ut volutpat sapien arcu sed augue. Aliquam erat volutpat.', '2022-12-29 23:14:49', '2022-12-29 23:14:49', 39, 37),
(183, 'In hac habitasse platea dictumst. Morbi vestibulum, velit id pretium iaculis, diam erat fermentum justo, nec condimentum neque sapien placerat ante. Nulla justo.\n\nAliquam quis turpis eget elit sodales scelerisque. Mauris sit amet eros. Suspendisse accumsan tortor quis turpis.', '2022-12-29 23:14:49', '2022-12-29 23:14:49', 39, 37),
(184, 'Quisque id justo sit amet sapien dignissim vestibulum. Vestibulum ante ipsum primis in faucibus orci luctus et ultrices posuere cubilia Curae; Nulla dapibus dolor vel est. Donec odio justo, sollicitudin ut, suscipit a, feugiat et, eros.', '2022-12-29 23:14:49', '2022-12-29 23:14:49', 39, 37),
(185, 'Cras mi pede, malesuada in, imperdiet et, commodo vulputate, justo. In blandit ultrices enim. Lorem ipsum dolor sit amet, consectetuer adipiscing elit.', '2022-12-29 23:14:49', '2022-12-29 23:14:49', 39, 37),
(186, 'In hac habitasse platea dictumst. Etiam faucibus cursus urna. Ut tellus.', '2022-12-29 23:14:49', '2022-12-29 23:14:49', 40, 38),
(187, 'Integer tincidunt ante vel ipsum. Praesent blandit lacinia erat. Vestibulum sed magna at nunc commodo placerat.', '2022-12-29 23:14:49', '2022-12-29 23:14:49', 40, 38),
(188, 'Integer ac leo. Pellentesque ultrices mattis odio. Donec vitae nisi.', '2022-12-29 23:14:49', '2022-12-29 23:14:49', 40, 38),
(189, 'Mauris enim leo, rhoncus sed, vestibulum sit amet, cursus id, turpis. Integer aliquet, massa id lobortis convallis, tortor risus dapibus augue, vel accumsan tellus nisi eu orci. Mauris lacinia sapien quis libero.\n\nNullam sit amet turpis elementum ligula vehicula consequat. Morbi a ipsum. Integer a nibh.', '2022-12-29 23:14:49', '2022-12-29 23:14:49', 40, 38),
(190, 'Sed sagittis. Nam congue, risus semper porta volutpat, quam pede lobortis ligula, sit amet eleifend pede libero quis orci. Nullam molestie nibh in lectus.\n\nPellentesque at nulla. Suspendisse potenti. Cras in purus eu magna vulputate luctus.', '2022-12-29 23:14:49', '2022-12-29 23:14:49', 40, 38),
(191, 'Integer tincidunt ante vel ipsum. Praesent blandit lacinia erat. Vestibulum sed magna at nunc commodo placerat.\n\nPraesent blandit. Nam nulla. Integer pede justo, lacinia eget, tincidunt eget, tempus vel, pede.', '2022-12-29 23:14:49', '2022-12-29 23:14:49', 41, 39),
(192, 'Phasellus sit amet erat. Nulla tempus. Vivamus in felis eu sapien cursus vestibulum.\n\nProin eu mi. Nulla ac enim. In tempor, turpis nec euismod scelerisque, quam turpis adipiscing lorem, vitae mattis nibh ligula nec sem.', '2022-12-29 23:14:49', '2022-12-29 23:14:49', 41, 39),
(193, 'Nam ultrices, libero non mattis pulvinar, nulla pede ullamcorper augue, a suscipit nulla elit ac nulla. Sed vel enim sit amet nunc viverra dapibus. Nulla suscipit ligula in lacus.', '2022-12-29 23:14:49', '2022-12-29 23:14:49', 41, 39),
(194, 'In hac habitasse platea dictumst. Morbi vestibulum, velit id pretium iaculis, diam erat fermentum justo, nec condimentum neque sapien placerat ante. Nulla justo.', '2022-12-29 23:14:49', '2022-12-29 23:14:49', 41, 39),
(195, 'Quisque id justo sit amet sapien dignissim vestibulum. Vestibulum ante ipsum primis in faucibus orci luctus et ultrices posuere cubilia Curae; Nulla dapibus dolor vel est. Donec odio justo, sollicitudin ut, suscipit a, feugiat et, eros.', '2022-12-29 23:14:49', '2022-12-29 23:14:49', 41, 39),
(196, 'Sed sagittis. Nam congue, risus semper porta volutpat, quam pede lobortis ligula, sit amet eleifend pede libero quis orci. Nullam molestie nibh in lectus.', '2022-12-29 23:14:49', '2022-12-29 23:14:49', 42, 40),
(197, 'Duis aliquam convallis nunc. Proin at turpis a pede posuere nonummy. Integer non velit.', '2022-12-29 23:14:49', '2022-12-29 23:14:49', 42, 40),
(198, 'Phasellus in felis. Donec semper sapien a libero. Nam dui.', '2022-12-29 23:14:49', '2022-12-29 23:14:49', 42, 40),
(199, 'Nullam porttitor lacus at turpis. Donec posuere metus vitae ipsum. Aliquam non mauris.', '2022-12-29 23:14:49', '2022-12-29 23:14:49', 42, 40);
INSERT INTO `commentaires` (`id`, `comment`, `createdAt`, `updatedAt`, `UserId`, `TipId`) VALUES
(200, 'Maecenas leo odio, condimentum id, luctus nec, molestie sed, justo. Pellentesque viverra pede ac diam. Cras pellentesque volutpat dui.\n\nMaecenas tristique, est et tempus semper, est quam pharetra magna, ac consequat metus sapien ut nunc. Vestibulum ante ipsum primis in faucibus orci luctus et ultrices posuere cubilia Curae; Mauris viverra diam vitae quam. Suspendisse potenti.', '2022-12-29 23:14:49', '2022-12-29 23:14:49', 42, 40),
(201, 'In hac habitasse platea dictumst. Etiam faucibus cursus urna. Ut tellus.', '2022-12-29 23:14:49', '2022-12-29 23:14:49', 43, 41),
(202, 'In hac habitasse platea dictumst. Morbi vestibulum, velit id pretium iaculis, diam erat fermentum justo, nec condimentum neque sapien placerat ante. Nulla justo.\n\nAliquam quis turpis eget elit sodales scelerisque. Mauris sit amet eros. Suspendisse accumsan tortor quis turpis.', '2022-12-29 23:14:49', '2022-12-29 23:14:49', 43, 41),
(203, 'Mauris enim leo, rhoncus sed, vestibulum sit amet, cursus id, turpis. Integer aliquet, massa id lobortis convallis, tortor risus dapibus augue, vel accumsan tellus nisi eu orci. Mauris lacinia sapien quis libero.', '2022-12-29 23:14:49', '2022-12-29 23:14:49', 43, 41),
(204, 'Duis bibendum. Morbi non quam nec dui luctus rutrum. Nulla tellus.', '2022-12-29 23:14:49', '2022-12-29 23:14:49', 43, 41),
(205, 'Etiam vel augue. Vestibulum rutrum rutrum neque. Aenean auctor gravida sem.\n\nPraesent id massa id nisl venenatis lacinia. Aenean sit amet justo. Morbi ut odio.', '2022-12-29 23:14:49', '2022-12-29 23:14:49', 43, 41),
(206, 'Curabitur in libero ut massa volutpat convallis. Morbi odio odio, elementum eu, interdum eu, tincidunt in, leo. Maecenas pulvinar lobortis est.', '2022-12-29 23:14:49', '2022-12-29 23:14:49', 44, 42),
(207, 'Maecenas leo odio, condimentum id, luctus nec, molestie sed, justo. Pellentesque viverra pede ac diam. Cras pellentesque volutpat dui.', '2022-12-29 23:14:49', '2022-12-29 23:14:49', 44, 42),
(208, 'Maecenas leo odio, condimentum id, luctus nec, molestie sed, justo. Pellentesque viverra pede ac diam. Cras pellentesque volutpat dui.', '2022-12-29 23:14:49', '2022-12-29 23:14:49', 44, 42),
(209, 'Praesent id massa id nisl venenatis lacinia. Aenean sit amet justo. Morbi ut odio.', '2022-12-29 23:14:49', '2022-12-29 23:14:49', 44, 42),
(210, 'Integer ac leo. Pellentesque ultrices mattis odio. Donec vitae nisi.\n\nNam ultrices, libero non mattis pulvinar, nulla pede ullamcorper augue, a suscipit nulla elit ac nulla. Sed vel enim sit amet nunc viverra dapibus. Nulla suscipit ligula in lacus.', '2022-12-29 23:14:49', '2022-12-29 23:14:49', 44, 42),
(211, 'Phasellus sit amet erat. Nulla tempus. Vivamus in felis eu sapien cursus vestibulum.\n\nProin eu mi. Nulla ac enim. In tempor, turpis nec euismod scelerisque, quam turpis adipiscing lorem, vitae mattis nibh ligula nec sem.', '2022-12-29 23:14:49', '2022-12-29 23:14:49', 45, 43),
(212, 'Praesent id massa id nisl venenatis lacinia. Aenean sit amet justo. Morbi ut odio.', '2022-12-29 23:14:49', '2022-12-29 23:14:49', 45, 43),
(213, 'Curabitur in libero ut massa volutpat convallis. Morbi odio odio, elementum eu, interdum eu, tincidunt in, leo. Maecenas pulvinar lobortis est.', '2022-12-29 23:14:49', '2022-12-29 23:14:49', 45, 43),
(214, 'Aenean fermentum. Donec ut mauris eget massa tempor convallis. Nulla neque libero, convallis eget, eleifend luctus, ultricies eu, nibh.\n\nQuisque id justo sit amet sapien dignissim vestibulum. Vestibulum ante ipsum primis in faucibus orci luctus et ultrices posuere cubilia Curae; Nulla dapibus dolor vel est. Donec odio justo, sollicitudin ut, suscipit a, feugiat et, eros.', '2022-12-29 23:14:49', '2022-12-29 23:14:49', 45, 43),
(215, 'Phasellus sit amet erat. Nulla tempus. Vivamus in felis eu sapien cursus vestibulum.\n\nProin eu mi. Nulla ac enim. In tempor, turpis nec euismod scelerisque, quam turpis adipiscing lorem, vitae mattis nibh ligula nec sem.', '2022-12-29 23:14:49', '2022-12-29 23:14:49', 45, 43),
(216, 'Cras non velit nec nisi vulputate nonummy. Maecenas tincidunt lacus at velit. Vivamus vel nulla eget eros elementum pellentesque.', '2022-12-29 23:14:49', '2022-12-29 23:14:49', 46, 44),
(217, 'Nullam porttitor lacus at turpis. Donec posuere metus vitae ipsum. Aliquam non mauris.', '2022-12-29 23:14:49', '2022-12-29 23:14:49', 46, 44),
(218, 'Curabitur in libero ut massa volutpat convallis. Morbi odio odio, elementum eu, interdum eu, tincidunt in, leo. Maecenas pulvinar lobortis est.', '2022-12-29 23:14:49', '2022-12-29 23:14:49', 46, 44),
(219, 'Morbi porttitor lorem id ligula. Suspendisse ornare consequat lectus. In est risus, auctor sed, tristique in, tempus sit amet, sem.\n\nFusce consequat. Nulla nisl. Nunc nisl.', '2022-12-29 23:14:49', '2022-12-29 23:14:49', 46, 44),
(220, 'Quisque id justo sit amet sapien dignissim vestibulum. Vestibulum ante ipsum primis in faucibus orci luctus et ultrices posuere cubilia Curae; Nulla dapibus dolor vel est. Donec odio justo, sollicitudin ut, suscipit a, feugiat et, eros.', '2022-12-29 23:14:49', '2022-12-29 23:14:49', 46, 44),
(221, 'Praesent id massa id nisl venenatis lacinia. Aenean sit amet justo. Morbi ut odio.\n\nCras mi pede, malesuada in, imperdiet et, commodo vulputate, justo. In blandit ultrices enim. Lorem ipsum dolor sit amet, consectetuer adipiscing elit.', '2022-12-29 23:14:49', '2022-12-29 23:14:49', 47, 45),
(222, 'Aenean fermentum. Donec ut mauris eget massa tempor convallis. Nulla neque libero, convallis eget, eleifend luctus, ultricies eu, nibh.\n\nQuisque id justo sit amet sapien dignissim vestibulum. Vestibulum ante ipsum primis in faucibus orci luctus et ultrices posuere cubilia Curae; Nulla dapibus dolor vel est. Donec odio justo, sollicitudin ut, suscipit a, feugiat et, eros.', '2022-12-29 23:14:49', '2022-12-29 23:14:49', 47, 45),
(223, 'Integer ac leo. Pellentesque ultrices mattis odio. Donec vitae nisi.\n\nNam ultrices, libero non mattis pulvinar, nulla pede ullamcorper augue, a suscipit nulla elit ac nulla. Sed vel enim sit amet nunc viverra dapibus. Nulla suscipit ligula in lacus.', '2022-12-29 23:14:49', '2022-12-29 23:14:49', 47, 45),
(224, 'Duis bibendum. Morbi non quam nec dui luctus rutrum. Nulla tellus.', '2022-12-29 23:14:49', '2022-12-29 23:14:49', 47, 45),
(225, 'Aenean fermentum. Donec ut mauris eget massa tempor convallis. Nulla neque libero, convallis eget, eleifend luctus, ultricies eu, nibh.', '2022-12-29 23:14:49', '2022-12-29 23:14:49', 47, 45),
(226, 'Cum sociis natoque penatibus et magnis dis parturient montes, nascetur ridiculus mus. Vivamus vestibulum sagittis sapien. Cum sociis natoque penatibus et magnis dis parturient montes, nascetur ridiculus mus.', '2022-12-29 23:14:49', '2022-12-29 23:14:49', 48, 46),
(227, 'Curabitur in libero ut massa volutpat convallis. Morbi odio odio, elementum eu, interdum eu, tincidunt in, leo. Maecenas pulvinar lobortis est.', '2022-12-29 23:14:49', '2022-12-29 23:14:49', 48, 46),
(228, 'Maecenas leo odio, condimentum id, luctus nec, molestie sed, justo. Pellentesque viverra pede ac diam. Cras pellentesque volutpat dui.', '2022-12-29 23:14:49', '2022-12-29 23:14:49', 48, 46),
(229, 'Curabitur at ipsum ac tellus semper interdum. Mauris ullamcorper purus sit amet nulla. Quisque arcu libero, rutrum ac, lobortis vel, dapibus at, diam.', '2022-12-29 23:14:49', '2022-12-29 23:14:49', 48, 46),
(230, 'In sagittis dui vel nisl. Duis ac nibh. Fusce lacus purus, aliquet at, feugiat non, pretium quis, lectus.\n\nSuspendisse potenti. In eleifend quam a odio. In hac habitasse platea dictumst.', '2022-12-29 23:14:49', '2022-12-29 23:14:49', 48, 46),
(231, 'Maecenas leo odio, condimentum id, luctus nec, molestie sed, justo. Pellentesque viverra pede ac diam. Cras pellentesque volutpat dui.', '2022-12-29 23:14:49', '2022-12-29 23:14:49', 49, 47),
(232, 'Phasellus sit amet erat. Nulla tempus. Vivamus in felis eu sapien cursus vestibulum.\n\nProin eu mi. Nulla ac enim. In tempor, turpis nec euismod scelerisque, quam turpis adipiscing lorem, vitae mattis nibh ligula nec sem.', '2022-12-29 23:14:49', '2022-12-29 23:14:49', 49, 47),
(233, 'Nam ultrices, libero non mattis pulvinar, nulla pede ullamcorper augue, a suscipit nulla elit ac nulla. Sed vel enim sit amet nunc viverra dapibus. Nulla suscipit ligula in lacus.', '2022-12-29 23:14:49', '2022-12-29 23:14:49', 49, 47),
(234, 'In hac habitasse platea dictumst. Morbi vestibulum, velit id pretium iaculis, diam erat fermentum justo, nec condimentum neque sapien placerat ante. Nulla justo.\n\nAliquam quis turpis eget elit sodales scelerisque. Mauris sit amet eros. Suspendisse accumsan tortor quis turpis.', '2022-12-29 23:14:49', '2022-12-29 23:14:49', 49, 47),
(235, 'Phasellus sit amet erat. Nulla tempus. Vivamus in felis eu sapien cursus vestibulum.\n\nProin eu mi. Nulla ac enim. In tempor, turpis nec euismod scelerisque, quam turpis adipiscing lorem, vitae mattis nibh ligula nec sem.', '2022-12-29 23:14:49', '2022-12-29 23:14:49', 49, 47),
(236, 'Donec diam neque, vestibulum eget, vulputate ut, ultrices vel, augue. Vestibulum ante ipsum primis in faucibus orci luctus et ultrices posuere cubilia Curae; Donec pharetra, magna vestibulum aliquet ultrices, erat tortor sollicitudin mi, sit amet lobortis sapien sapien non mi. Integer ac neque.', '2022-12-29 23:14:49', '2022-12-29 23:14:49', 50, 48),
(237, 'Duis bibendum, felis sed interdum venenatis, turpis enim blandit mi, in porttitor pede justo eu massa. Donec dapibus. Duis at velit eu est congue elementum.', '2022-12-29 23:14:49', '2022-12-29 23:14:49', 50, 48),
(238, 'Nam ultrices, libero non mattis pulvinar, nulla pede ullamcorper augue, a suscipit nulla elit ac nulla. Sed vel enim sit amet nunc viverra dapibus. Nulla suscipit ligula in lacus.', '2022-12-29 23:14:49', '2022-12-29 23:14:49', 50, 48),
(239, 'Cras non velit nec nisi vulputate nonummy. Maecenas tincidunt lacus at velit. Vivamus vel nulla eget eros elementum pellentesque.', '2022-12-29 23:14:49', '2022-12-29 23:14:49', 50, 48),
(240, 'Sed sagittis. Nam congue, risus semper porta volutpat, quam pede lobortis ligula, sit amet eleifend pede libero quis orci. Nullam molestie nibh in lectus.', '2022-12-29 23:14:49', '2022-12-29 23:14:49', 50, 48),
(241, 'Integer ac leo. Pellentesque ultrices mattis odio. Donec vitae nisi.', '2022-12-29 23:14:49', '2022-12-29 23:14:49', 51, 49),
(242, 'Fusce consequat. Nulla nisl. Nunc nisl.', '2022-12-29 23:14:49', '2022-12-29 23:14:49', 51, 49),
(243, 'Cum sociis natoque penatibus et magnis dis parturient montes, nascetur ridiculus mus. Vivamus vestibulum sagittis sapien. Cum sociis natoque penatibus et magnis dis parturient montes, nascetur ridiculus mus.\n\nEtiam vel augue. Vestibulum rutrum rutrum neque. Aenean auctor gravida sem.', '2022-12-29 23:14:49', '2022-12-29 23:14:49', 51, 49),
(244, 'Sed sagittis. Nam congue, risus semper porta volutpat, quam pede lobortis ligula, sit amet eleifend pede libero quis orci. Nullam molestie nibh in lectus.\n\nPellentesque at nulla. Suspendisse potenti. Cras in purus eu magna vulputate luctus.', '2022-12-29 23:14:49', '2022-12-29 23:14:49', 51, 49),
(245, 'Duis bibendum, felis sed interdum venenatis, turpis enim blandit mi, in porttitor pede justo eu massa. Donec dapibus. Duis at velit eu est congue elementum.\n\nIn hac habitasse platea dictumst. Morbi vestibulum, velit id pretium iaculis, diam erat fermentum justo, nec condimentum neque sapien placerat ante. Nulla justo.', '2022-12-29 23:14:49', '2022-12-29 23:14:49', 51, 49),
(246, 'Sed sagittis. Nam congue, risus semper porta volutpat, quam pede lobortis ligula, sit amet eleifend pede libero quis orci. Nullam molestie nibh in lectus.', '2022-12-29 23:14:49', '2022-12-29 23:14:49', 52, 50),
(247, 'Duis bibendum. Morbi non quam nec dui luctus rutrum. Nulla tellus.', '2022-12-29 23:14:49', '2022-12-29 23:14:49', 52, 50),
(248, 'Proin eu mi. Nulla ac enim. In tempor, turpis nec euismod scelerisque, quam turpis adipiscing lorem, vitae mattis nibh ligula nec sem.', '2022-12-29 23:14:49', '2022-12-29 23:14:49', 52, 50),
(249, 'Duis bibendum, felis sed interdum venenatis, turpis enim blandit mi, in porttitor pede justo eu massa. Donec dapibus. Duis at velit eu est congue elementum.\n\nIn hac habitasse platea dictumst. Morbi vestibulum, velit id pretium iaculis, diam erat fermentum justo, nec condimentum neque sapien placerat ante. Nulla justo.', '2022-12-29 23:14:49', '2022-12-29 23:14:49', 52, 50),
(250, 'In hac habitasse platea dictumst. Etiam faucibus cursus urna. Ut tellus.', '2022-12-29 23:14:49', '2022-12-29 23:14:49', 52, 50),
(251, 'Quisque id justo sit amet sapien dignissim vestibulum. Vestibulum ante ipsum primis in faucibus orci luctus et ultrices posuere cubilia Curae; Nulla dapibus dolor vel est. Donec odio justo, sollicitudin ut, suscipit a, feugiat et, eros.', '2022-12-29 23:14:49', '2022-12-29 23:14:49', 53, 51),
(252, 'Fusce consequat. Nulla nisl. Nunc nisl.\n\nDuis bibendum, felis sed interdum venenatis, turpis enim blandit mi, in porttitor pede justo eu massa. Donec dapibus. Duis at velit eu est congue elementum.', '2022-12-29 23:14:49', '2022-12-29 23:14:49', 53, 51),
(253, 'Fusce consequat. Nulla nisl. Nunc nisl.', '2022-12-29 23:14:49', '2022-12-29 23:14:49', 53, 51),
(254, 'Sed sagittis. Nam congue, risus semper porta volutpat, quam pede lobortis ligula, sit amet eleifend pede libero quis orci. Nullam molestie nibh in lectus.', '2022-12-29 23:14:49', '2022-12-29 23:14:49', 53, 51),
(255, 'Mauris enim leo, rhoncus sed, vestibulum sit amet, cursus id, turpis. Integer aliquet, massa id lobortis convallis, tortor risus dapibus augue, vel accumsan tellus nisi eu orci. Mauris lacinia sapien quis libero.\n\nNullam sit amet turpis elementum ligula vehicula consequat. Morbi a ipsum. Integer a nibh.', '2022-12-29 23:14:49', '2022-12-29 23:14:49', 53, 51),
(256, 'Sed sagittis. Nam congue, risus semper porta volutpat, quam pede lobortis ligula, sit amet eleifend pede libero quis orci. Nullam molestie nibh in lectus.', '2022-12-29 23:14:49', '2022-12-29 23:14:49', 54, 52),
(257, 'Integer tincidunt ante vel ipsum. Praesent blandit lacinia erat. Vestibulum sed magna at nunc commodo placerat.\n\nPraesent blandit. Nam nulla. Integer pede justo, lacinia eget, tincidunt eget, tempus vel, pede.', '2022-12-29 23:14:49', '2022-12-29 23:14:49', 54, 52),
(258, 'Integer ac leo. Pellentesque ultrices mattis odio. Donec vitae nisi.\n\nNam ultrices, libero non mattis pulvinar, nulla pede ullamcorper augue, a suscipit nulla elit ac nulla. Sed vel enim sit amet nunc viverra dapibus. Nulla suscipit ligula in lacus.', '2022-12-29 23:14:49', '2022-12-29 23:14:49', 54, 52),
(259, 'Curabitur gravida nisi at nibh. In hac habitasse platea dictumst. Aliquam augue quam, sollicitudin vitae, consectetuer eget, rutrum at, lorem.', '2022-12-29 23:14:49', '2022-12-29 23:14:49', 54, 52),
(260, 'Cum sociis natoque penatibus et magnis dis parturient montes, nascetur ridiculus mus. Vivamus vestibulum sagittis sapien. Cum sociis natoque penatibus et magnis dis parturient montes, nascetur ridiculus mus.', '2022-12-29 23:14:49', '2022-12-29 23:14:49', 54, 52),
(261, 'Integer ac leo. Pellentesque ultrices mattis odio. Donec vitae nisi.\n\nNam ultrices, libero non mattis pulvinar, nulla pede ullamcorper augue, a suscipit nulla elit ac nulla. Sed vel enim sit amet nunc viverra dapibus. Nulla suscipit ligula in lacus.', '2022-12-29 23:14:49', '2022-12-29 23:14:49', 55, 53),
(262, 'Maecenas ut massa quis augue luctus tincidunt. Nulla mollis molestie lorem. Quisque ut erat.\n\nCurabitur gravida nisi at nibh. In hac habitasse platea dictumst. Aliquam augue quam, sollicitudin vitae, consectetuer eget, rutrum at, lorem.', '2022-12-29 23:14:49', '2022-12-29 23:14:49', 55, 53),
(263, 'Fusce consequat. Nulla nisl. Nunc nisl.\n\nDuis bibendum, felis sed interdum venenatis, turpis enim blandit mi, in porttitor pede justo eu massa. Donec dapibus. Duis at velit eu est congue elementum.', '2022-12-29 23:14:49', '2022-12-29 23:14:49', 55, 53),
(264, 'In hac habitasse platea dictumst. Etiam faucibus cursus urna. Ut tellus.', '2022-12-29 23:14:49', '2022-12-29 23:14:49', 55, 53),
(265, 'Sed sagittis. Nam congue, risus semper porta volutpat, quam pede lobortis ligula, sit amet eleifend pede libero quis orci. Nullam molestie nibh in lectus.', '2022-12-29 23:14:49', '2022-12-29 23:14:49', 55, 53),
(266, 'Integer ac leo. Pellentesque ultrices mattis odio. Donec vitae nisi.', '2022-12-29 23:14:49', '2022-12-29 23:14:49', 56, 54),
(267, 'Phasellus in felis. Donec semper sapien a libero. Nam dui.\n\nProin leo odio, porttitor id, consequat in, consequat ut, nulla. Sed accumsan felis. Ut at dolor quis odio consequat varius.', '2022-12-29 23:14:49', '2022-12-29 23:14:49', 56, 54),
(268, 'Phasellus in felis. Donec semper sapien a libero. Nam dui.', '2022-12-29 23:14:49', '2022-12-29 23:14:49', 56, 54),
(269, 'In hac habitasse platea dictumst. Morbi vestibulum, velit id pretium iaculis, diam erat fermentum justo, nec condimentum neque sapien placerat ante. Nulla justo.', '2022-12-29 23:14:49', '2022-12-29 23:14:49', 56, 54),
(270, 'In hac habitasse platea dictumst. Morbi vestibulum, velit id pretium iaculis, diam erat fermentum justo, nec condimentum neque sapien placerat ante. Nulla justo.\n\nAliquam quis turpis eget elit sodales scelerisque. Mauris sit amet eros. Suspendisse accumsan tortor quis turpis.', '2022-12-29 23:14:49', '2022-12-29 23:14:49', 56, 54),
(271, 'Sed sagittis. Nam congue, risus semper porta volutpat, quam pede lobortis ligula, sit amet eleifend pede libero quis orci. Nullam molestie nibh in lectus.\n\nPellentesque at nulla. Suspendisse potenti. Cras in purus eu magna vulputate luctus.', '2022-12-29 23:14:49', '2022-12-29 23:14:49', 57, 55),
(272, 'Aliquam quis turpis eget elit sodales scelerisque. Mauris sit amet eros. Suspendisse accumsan tortor quis turpis.\n\nSed ante. Vivamus tortor. Duis mattis egestas metus.', '2022-12-29 23:14:49', '2022-12-29 23:14:49', 57, 55),
(273, 'Quisque id justo sit amet sapien dignissim vestibulum. Vestibulum ante ipsum primis in faucibus orci luctus et ultrices posuere cubilia Curae; Nulla dapibus dolor vel est. Donec odio justo, sollicitudin ut, suscipit a, feugiat et, eros.', '2022-12-29 23:14:49', '2022-12-29 23:14:49', 57, 55),
(274, 'In hac habitasse platea dictumst. Morbi vestibulum, velit id pretium iaculis, diam erat fermentum justo, nec condimentum neque sapien placerat ante. Nulla justo.\n\nAliquam quis turpis eget elit sodales scelerisque. Mauris sit amet eros. Suspendisse accumsan tortor quis turpis.', '2022-12-29 23:14:49', '2022-12-29 23:14:49', 57, 55),
(275, 'Quisque id justo sit amet sapien dignissim vestibulum. Vestibulum ante ipsum primis in faucibus orci luctus et ultrices posuere cubilia Curae; Nulla dapibus dolor vel est. Donec odio justo, sollicitudin ut, suscipit a, feugiat et, eros.\n\nVestibulum ac est lacinia nisi venenatis tristique. Fusce congue, diam id ornare imperdiet, sapien urna pretium nisl, ut volutpat sapien arcu sed augue. Aliquam erat volutpat.', '2022-12-29 23:14:49', '2022-12-29 23:14:49', 57, 55),
(276, 'Integer ac leo. Pellentesque ultrices mattis odio. Donec vitae nisi.\n\nNam ultrices, libero non mattis pulvinar, nulla pede ullamcorper augue, a suscipit nulla elit ac nulla. Sed vel enim sit amet nunc viverra dapibus. Nulla suscipit ligula in lacus.', '2022-12-29 23:14:49', '2022-12-29 23:14:49', 58, 56),
(277, 'Cum sociis natoque penatibus et magnis dis parturient montes, nascetur ridiculus mus. Vivamus vestibulum sagittis sapien. Cum sociis natoque penatibus et magnis dis parturient montes, nascetur ridiculus mus.\n\nEtiam vel augue. Vestibulum rutrum rutrum neque. Aenean auctor gravida sem.', '2022-12-29 23:14:49', '2022-12-29 23:14:49', 58, 56),
(278, 'Nullam sit amet turpis elementum ligula vehicula consequat. Morbi a ipsum. Integer a nibh.', '2022-12-29 23:14:49', '2022-12-29 23:14:49', 58, 56),
(279, 'Donec diam neque, vestibulum eget, vulputate ut, ultrices vel, augue. Vestibulum ante ipsum primis in faucibus orci luctus et ultrices posuere cubilia Curae; Donec pharetra, magna vestibulum aliquet ultrices, erat tortor sollicitudin mi, sit amet lobortis sapien sapien non mi. Integer ac neque.', '2022-12-29 23:14:49', '2022-12-29 23:14:49', 58, 56),
(280, 'Maecenas tristique, est et tempus semper, est quam pharetra magna, ac consequat metus sapien ut nunc. Vestibulum ante ipsum primis in faucibus orci luctus et ultrices posuere cubilia Curae; Mauris viverra diam vitae quam. Suspendisse potenti.', '2022-12-29 23:14:49', '2022-12-29 23:14:49', 58, 56),
(281, 'Donec diam neque, vestibulum eget, vulputate ut, ultrices vel, augue. Vestibulum ante ipsum primis in faucibus orci luctus et ultrices posuere cubilia Curae; Donec pharetra, magna vestibulum aliquet ultrices, erat tortor sollicitudin mi, sit amet lobortis sapien sapien non mi. Integer ac neque.', '2022-12-29 23:14:49', '2022-12-29 23:14:49', 59, 57),
(282, 'Maecenas leo odio, condimentum id, luctus nec, molestie sed, justo. Pellentesque viverra pede ac diam. Cras pellentesque volutpat dui.\n\nMaecenas tristique, est et tempus semper, est quam pharetra magna, ac consequat metus sapien ut nunc. Vestibulum ante ipsum primis in faucibus orci luctus et ultrices posuere cubilia Curae; Mauris viverra diam vitae quam. Suspendisse potenti.', '2022-12-29 23:14:49', '2022-12-29 23:14:49', 59, 57),
(283, 'Donec diam neque, vestibulum eget, vulputate ut, ultrices vel, augue. Vestibulum ante ipsum primis in faucibus orci luctus et ultrices posuere cubilia Curae; Donec pharetra, magna vestibulum aliquet ultrices, erat tortor sollicitudin mi, sit amet lobortis sapien sapien non mi. Integer ac neque.\n\nDuis bibendum. Morbi non quam nec dui luctus rutrum. Nulla tellus.', '2022-12-29 23:14:49', '2022-12-29 23:14:49', 59, 57),
(284, 'Vestibulum quam sapien, varius ut, blandit non, interdum in, ante. Vestibulum ante ipsum primis in faucibus orci luctus et ultrices posuere cubilia Curae; Duis faucibus accumsan odio. Curabitur convallis.\n\nDuis consequat dui nec nisi volutpat eleifend. Donec ut dolor. Morbi vel lectus in quam fringilla rhoncus.', '2022-12-29 23:14:49', '2022-12-29 23:14:49', 59, 57),
(285, 'Aenean fermentum. Donec ut mauris eget massa tempor convallis. Nulla neque libero, convallis eget, eleifend luctus, ultricies eu, nibh.\n\nQuisque id justo sit amet sapien dignissim vestibulum. Vestibulum ante ipsum primis in faucibus orci luctus et ultrices posuere cubilia Curae; Nulla dapibus dolor vel est. Donec odio justo, sollicitudin ut, suscipit a, feugiat et, eros.', '2022-12-29 23:14:49', '2022-12-29 23:14:49', 59, 57),
(286, 'Phasellus in felis. Donec semper sapien a libero. Nam dui.\n\nProin leo odio, porttitor id, consequat in, consequat ut, nulla. Sed accumsan felis. Ut at dolor quis odio consequat varius.', '2022-12-29 23:14:49', '2022-12-29 23:14:49', 60, 58),
(287, 'Quisque id justo sit amet sapien dignissim vestibulum. Vestibulum ante ipsum primis in faucibus orci luctus et ultrices posuere cubilia Curae; Nulla dapibus dolor vel est. Donec odio justo, sollicitudin ut, suscipit a, feugiat et, eros.', '2022-12-29 23:14:49', '2022-12-29 23:14:49', 60, 58),
(288, 'Aenean lectus. Pellentesque eget nunc. Donec quis orci eget orci vehicula condimentum.\n\nCurabitur in libero ut massa volutpat convallis. Morbi odio odio, elementum eu, interdum eu, tincidunt in, leo. Maecenas pulvinar lobortis est.', '2022-12-29 23:14:49', '2022-12-29 23:14:49', 60, 58),
(289, 'Phasellus sit amet erat. Nulla tempus. Vivamus in felis eu sapien cursus vestibulum.\n\nProin eu mi. Nulla ac enim. In tempor, turpis nec euismod scelerisque, quam turpis adipiscing lorem, vitae mattis nibh ligula nec sem.', '2022-12-29 23:14:49', '2022-12-29 23:14:49', 60, 58),
(290, 'Morbi non lectus. Aliquam sit amet diam in magna bibendum imperdiet. Nullam orci pede, venenatis non, sodales sed, tincidunt eu, felis.\n\nFusce posuere felis sed lacus. Morbi sem mauris, laoreet ut, rhoncus aliquet, pulvinar sed, nisl. Nunc rhoncus dui vel sem.', '2022-12-29 23:14:49', '2022-12-29 23:14:49', 60, 58),
(291, 'Pellentesque at nulla. Suspendisse potenti. Cras in purus eu magna vulputate luctus.', '2022-12-29 23:14:49', '2022-12-29 23:14:49', 61, 59),
(292, 'Duis aliquam convallis nunc. Proin at turpis a pede posuere nonummy. Integer non velit.', '2022-12-29 23:14:49', '2022-12-29 23:14:49', 61, 59),
(293, 'Donec diam neque, vestibulum eget, vulputate ut, ultrices vel, augue. Vestibulum ante ipsum primis in faucibus orci luctus et ultrices posuere cubilia Curae; Donec pharetra, magna vestibulum aliquet ultrices, erat tortor sollicitudin mi, sit amet lobortis sapien sapien non mi. Integer ac neque.\n\nDuis bibendum. Morbi non quam nec dui luctus rutrum. Nulla tellus.', '2022-12-29 23:14:49', '2022-12-29 23:14:49', 61, 59),
(294, 'In hac habitasse platea dictumst. Etiam faucibus cursus urna. Ut tellus.', '2022-12-29 23:14:49', '2022-12-29 23:14:49', 61, 59),
(295, 'Sed sagittis. Nam congue, risus semper porta volutpat, quam pede lobortis ligula, sit amet eleifend pede libero quis orci. Nullam molestie nibh in lectus.\n\nPellentesque at nulla. Suspendisse potenti. Cras in purus eu magna vulputate luctus.', '2022-12-29 23:14:49', '2022-12-29 23:14:49', 61, 59),
(296, 'Nam ultrices, libero non mattis pulvinar, nulla pede ullamcorper augue, a suscipit nulla elit ac nulla. Sed vel enim sit amet nunc viverra dapibus. Nulla suscipit ligula in lacus.', '2022-12-29 23:14:49', '2022-12-29 23:14:49', 62, 60),
(297, 'Aenean fermentum. Donec ut mauris eget massa tempor convallis. Nulla neque libero, convallis eget, eleifend luctus, ultricies eu, nibh.\n\nQuisque id justo sit amet sapien dignissim vestibulum. Vestibulum ante ipsum primis in faucibus orci luctus et ultrices posuere cubilia Curae; Nulla dapibus dolor vel est. Donec odio justo, sollicitudin ut, suscipit a, feugiat et, eros.', '2022-12-29 23:14:49', '2022-12-29 23:14:49', 62, 60),
(298, 'Integer ac leo. Pellentesque ultrices mattis odio. Donec vitae nisi.\n\nNam ultrices, libero non mattis pulvinar, nulla pede ullamcorper augue, a suscipit nulla elit ac nulla. Sed vel enim sit amet nunc viverra dapibus. Nulla suscipit ligula in lacus.', '2022-12-29 23:14:49', '2022-12-29 23:14:49', 62, 60),
(299, 'Curabitur in libero ut massa volutpat convallis. Morbi odio odio, elementum eu, interdum eu, tincidunt in, leo. Maecenas pulvinar lobortis est.', '2022-12-29 23:14:49', '2022-12-29 23:14:49', 62, 60),
(300, 'Curabitur gravida nisi at nibh. In hac habitasse platea dictumst. Aliquam augue quam, sollicitudin vitae, consectetuer eget, rutrum at, lorem.', '2022-12-29 23:14:49', '2022-12-29 23:14:49', 62, 60),
(301, 'Mauris enim leo, rhoncus sed, vestibulum sit amet, cursus id, turpis. Integer aliquet, massa id lobortis convallis, tortor risus dapibus augue, vel accumsan tellus nisi eu orci. Mauris lacinia sapien quis libero.', '2022-12-29 23:14:49', '2022-12-29 23:14:49', 63, 61),
(302, 'Phasellus sit amet erat. Nulla tempus. Vivamus in felis eu sapien cursus vestibulum.\n\nProin eu mi. Nulla ac enim. In tempor, turpis nec euismod scelerisque, quam turpis adipiscing lorem, vitae mattis nibh ligula nec sem.', '2022-12-29 23:14:49', '2022-12-29 23:14:49', 63, 61),
(303, 'Quisque id justo sit amet sapien dignissim vestibulum. Vestibulum ante ipsum primis in faucibus orci luctus et ultrices posuere cubilia Curae; Nulla dapibus dolor vel est. Donec odio justo, sollicitudin ut, suscipit a, feugiat et, eros.', '2022-12-29 23:14:49', '2022-12-29 23:14:49', 63, 61),
(304, 'In hac habitasse platea dictumst. Etiam faucibus cursus urna. Ut tellus.', '2022-12-29 23:14:49', '2022-12-29 23:14:49', 63, 61),
(305, 'Integer ac leo. Pellentesque ultrices mattis odio. Donec vitae nisi.', '2022-12-29 23:14:49', '2022-12-29 23:14:49', 63, 61),
(306, 'Duis bibendum, felis sed interdum venenatis, turpis enim blandit mi, in porttitor pede justo eu massa. Donec dapibus. Duis at velit eu est congue elementum.\n\nIn hac habitasse platea dictumst. Morbi vestibulum, velit id pretium iaculis, diam erat fermentum justo, nec condimentum neque sapien placerat ante. Nulla justo.', '2022-12-29 23:14:49', '2022-12-29 23:14:49', 64, 62),
(307, 'Aliquam quis turpis eget elit sodales scelerisque. Mauris sit amet eros. Suspendisse accumsan tortor quis turpis.\n\nSed ante. Vivamus tortor. Duis mattis egestas metus.', '2022-12-29 23:14:49', '2022-12-29 23:14:49', 64, 62),
(308, 'Aenean lectus. Pellentesque eget nunc. Donec quis orci eget orci vehicula condimentum.\n\nCurabitur in libero ut massa volutpat convallis. Morbi odio odio, elementum eu, interdum eu, tincidunt in, leo. Maecenas pulvinar lobortis est.', '2022-12-29 23:14:49', '2022-12-29 23:14:49', 64, 62),
(309, 'Cum sociis natoque penatibus et magnis dis parturient montes, nascetur ridiculus mus. Vivamus vestibulum sagittis sapien. Cum sociis natoque penatibus et magnis dis parturient montes, nascetur ridiculus mus.\n\nEtiam vel augue. Vestibulum rutrum rutrum neque. Aenean auctor gravida sem.', '2022-12-29 23:14:49', '2022-12-29 23:14:49', 64, 62),
(310, 'Fusce posuere felis sed lacus. Morbi sem mauris, laoreet ut, rhoncus aliquet, pulvinar sed, nisl. Nunc rhoncus dui vel sem.\n\nSed sagittis. Nam congue, risus semper porta volutpat, quam pede lobortis ligula, sit amet eleifend pede libero quis orci. Nullam molestie nibh in lectus.', '2022-12-29 23:14:49', '2022-12-29 23:14:49', 64, 62),
(311, 'Morbi porttitor lorem id ligula. Suspendisse ornare consequat lectus. In est risus, auctor sed, tristique in, tempus sit amet, sem.\n\nFusce consequat. Nulla nisl. Nunc nisl.', '2022-12-29 23:14:49', '2022-12-29 23:14:49', 65, 63),
(312, 'In hac habitasse platea dictumst. Morbi vestibulum, velit id pretium iaculis, diam erat fermentum justo, nec condimentum neque sapien placerat ante. Nulla justo.', '2022-12-29 23:14:49', '2022-12-29 23:14:49', 65, 63),
(313, 'Aenean lectus. Pellentesque eget nunc. Donec quis orci eget orci vehicula condimentum.\n\nCurabitur in libero ut massa volutpat convallis. Morbi odio odio, elementum eu, interdum eu, tincidunt in, leo. Maecenas pulvinar lobortis est.', '2022-12-29 23:14:49', '2022-12-29 23:14:49', 65, 63),
(314, 'Curabitur gravida nisi at nibh. In hac habitasse platea dictumst. Aliquam augue quam, sollicitudin vitae, consectetuer eget, rutrum at, lorem.', '2022-12-29 23:14:49', '2022-12-29 23:14:49', 65, 63),
(315, 'Morbi non lectus. Aliquam sit amet diam in magna bibendum imperdiet. Nullam orci pede, venenatis non, sodales sed, tincidunt eu, felis.', '2022-12-29 23:14:49', '2022-12-29 23:14:49', 65, 63),
(316, 'Fusce consequat. Nulla nisl. Nunc nisl.\n\nDuis bibendum, felis sed interdum venenatis, turpis enim blandit mi, in porttitor pede justo eu massa. Donec dapibus. Duis at velit eu est congue elementum.', '2022-12-29 23:14:49', '2022-12-29 23:14:49', 66, 64),
(317, 'Cum sociis natoque penatibus et magnis dis parturient montes, nascetur ridiculus mus. Vivamus vestibulum sagittis sapien. Cum sociis natoque penatibus et magnis dis parturient montes, nascetur ridiculus mus.\n\nEtiam vel augue. Vestibulum rutrum rutrum neque. Aenean auctor gravida sem.', '2022-12-29 23:14:49', '2022-12-29 23:14:49', 66, 64),
(318, 'Curabitur in libero ut massa volutpat convallis. Morbi odio odio, elementum eu, interdum eu, tincidunt in, leo. Maecenas pulvinar lobortis est.', '2022-12-29 23:14:49', '2022-12-29 23:14:49', 66, 64),
(319, 'Cras non velit nec nisi vulputate nonummy. Maecenas tincidunt lacus at velit. Vivamus vel nulla eget eros elementum pellentesque.', '2022-12-29 23:14:49', '2022-12-29 23:14:49', 66, 64),
(320, 'In hac habitasse platea dictumst. Morbi vestibulum, velit id pretium iaculis, diam erat fermentum justo, nec condimentum neque sapien placerat ante. Nulla justo.', '2022-12-29 23:14:49', '2022-12-29 23:14:49', 66, 64),
(321, 'Morbi non lectus. Aliquam sit amet diam in magna bibendum imperdiet. Nullam orci pede, venenatis non, sodales sed, tincidunt eu, felis.', '2022-12-29 23:14:49', '2022-12-29 23:14:49', 67, 65),
(322, 'Maecenas leo odio, condimentum id, luctus nec, molestie sed, justo. Pellentesque viverra pede ac diam. Cras pellentesque volutpat dui.\n\nMaecenas tristique, est et tempus semper, est quam pharetra magna, ac consequat metus sapien ut nunc. Vestibulum ante ipsum primis in faucibus orci luctus et ultrices posuere cubilia Curae; Mauris viverra diam vitae quam. Suspendisse potenti.', '2022-12-29 23:14:49', '2022-12-29 23:14:49', 67, 65),
(323, 'Curabitur in libero ut massa volutpat convallis. Morbi odio odio, elementum eu, interdum eu, tincidunt in, leo. Maecenas pulvinar lobortis est.', '2022-12-29 23:14:49', '2022-12-29 23:14:49', 67, 65),
(324, 'Cras mi pede, malesuada in, imperdiet et, commodo vulputate, justo. In blandit ultrices enim. Lorem ipsum dolor sit amet, consectetuer adipiscing elit.', '2022-12-29 23:14:49', '2022-12-29 23:14:49', 67, 65),
(325, 'Mauris enim leo, rhoncus sed, vestibulum sit amet, cursus id, turpis. Integer aliquet, massa id lobortis convallis, tortor risus dapibus augue, vel accumsan tellus nisi eu orci. Mauris lacinia sapien quis libero.\n\nNullam sit amet turpis elementum ligula vehicula consequat. Morbi a ipsum. Integer a nibh.', '2022-12-29 23:14:49', '2022-12-29 23:14:49', 67, 65),
(326, 'Duis bibendum. Morbi non quam nec dui luctus rutrum. Nulla tellus.', '2022-12-29 23:14:49', '2022-12-29 23:14:49', 68, 66),
(327, 'Etiam vel augue. Vestibulum rutrum rutrum neque. Aenean auctor gravida sem.\n\nPraesent id massa id nisl venenatis lacinia. Aenean sit amet justo. Morbi ut odio.', '2022-12-29 23:14:49', '2022-12-29 23:14:49', 68, 66),
(328, 'Phasellus in felis. Donec semper sapien a libero. Nam dui.\n\nProin leo odio, porttitor id, consequat in, consequat ut, nulla. Sed accumsan felis. Ut at dolor quis odio consequat varius.', '2022-12-29 23:14:49', '2022-12-29 23:14:49', 68, 66),
(329, 'Etiam vel augue. Vestibulum rutrum rutrum neque. Aenean auctor gravida sem.\n\nPraesent id massa id nisl venenatis lacinia. Aenean sit amet justo. Morbi ut odio.', '2022-12-29 23:14:49', '2022-12-29 23:14:49', 68, 66),
(330, 'Duis bibendum, felis sed interdum venenatis, turpis enim blandit mi, in porttitor pede justo eu massa. Donec dapibus. Duis at velit eu est congue elementum.\n\nIn hac habitasse platea dictumst. Morbi vestibulum, velit id pretium iaculis, diam erat fermentum justo, nec condimentum neque sapien placerat ante. Nulla justo.', '2022-12-29 23:14:49', '2022-12-29 23:14:49', 68, 66),
(331, 'Fusce consequat. Nulla nisl. Nunc nisl.\n\nDuis bibendum, felis sed interdum venenatis, turpis enim blandit mi, in porttitor pede justo eu massa. Donec dapibus. Duis at velit eu est congue elementum.', '2022-12-29 23:14:49', '2022-12-29 23:14:49', 69, 67),
(332, 'Proin eu mi. Nulla ac enim. In tempor, turpis nec euismod scelerisque, quam turpis adipiscing lorem, vitae mattis nibh ligula nec sem.', '2022-12-29 23:14:49', '2022-12-29 23:14:49', 69, 67),
(333, 'Maecenas leo odio, condimentum id, luctus nec, molestie sed, justo. Pellentesque viverra pede ac diam. Cras pellentesque volutpat dui.', '2022-12-29 23:14:49', '2022-12-29 23:14:49', 69, 67),
(334, 'Praesent id massa id nisl venenatis lacinia. Aenean sit amet justo. Morbi ut odio.\n\nCras mi pede, malesuada in, imperdiet et, commodo vulputate, justo. In blandit ultrices enim. Lorem ipsum dolor sit amet, consectetuer adipiscing elit.', '2022-12-29 23:14:49', '2022-12-29 23:14:49', 69, 67),
(335, 'Integer tincidunt ante vel ipsum. Praesent blandit lacinia erat. Vestibulum sed magna at nunc commodo placerat.\n\nPraesent blandit. Nam nulla. Integer pede justo, lacinia eget, tincidunt eget, tempus vel, pede.', '2022-12-29 23:14:49', '2022-12-29 23:14:49', 69, 67),
(336, 'Cras mi pede, malesuada in, imperdiet et, commodo vulputate, justo. In blandit ultrices enim. Lorem ipsum dolor sit amet, consectetuer adipiscing elit.', '2022-12-29 23:14:49', '2022-12-29 23:14:49', 70, 68),
(337, 'Fusce consequat. Nulla nisl. Nunc nisl.\n\nDuis bibendum, felis sed interdum venenatis, turpis enim blandit mi, in porttitor pede justo eu massa. Donec dapibus. Duis at velit eu est congue elementum.', '2022-12-29 23:14:49', '2022-12-29 23:14:49', 70, 68),
(338, 'Morbi non lectus. Aliquam sit amet diam in magna bibendum imperdiet. Nullam orci pede, venenatis non, sodales sed, tincidunt eu, felis.\n\nFusce posuere felis sed lacus. Morbi sem mauris, laoreet ut, rhoncus aliquet, pulvinar sed, nisl. Nunc rhoncus dui vel sem.', '2022-12-29 23:14:49', '2022-12-29 23:14:49', 70, 68),
(339, 'Maecenas leo odio, condimentum id, luctus nec, molestie sed, justo. Pellentesque viverra pede ac diam. Cras pellentesque volutpat dui.', '2022-12-29 23:14:49', '2022-12-29 23:14:49', 70, 68),
(340, 'Etiam vel augue. Vestibulum rutrum rutrum neque. Aenean auctor gravida sem.\n\nPraesent id massa id nisl venenatis lacinia. Aenean sit amet justo. Morbi ut odio.', '2022-12-29 23:14:49', '2022-12-29 23:14:49', 70, 68),
(341, 'Cras mi pede, malesuada in, imperdiet et, commodo vulputate, justo. In blandit ultrices enim. Lorem ipsum dolor sit amet, consectetuer adipiscing elit.\n\nProin interdum mauris non ligula pellentesque ultrices. Phasellus id sapien in sapien iaculis congue. Vivamus metus arcu, adipiscing molestie, hendrerit at, vulputate vitae, nisl.', '2022-12-29 23:14:49', '2022-12-29 23:14:49', 71, 69),
(342, 'Curabitur in libero ut massa volutpat convallis. Morbi odio odio, elementum eu, interdum eu, tincidunt in, leo. Maecenas pulvinar lobortis est.', '2022-12-29 23:14:49', '2022-12-29 23:14:49', 71, 69),
(343, 'Aenean lectus. Pellentesque eget nunc. Donec quis orci eget orci vehicula condimentum.\n\nCurabitur in libero ut massa volutpat convallis. Morbi odio odio, elementum eu, interdum eu, tincidunt in, leo. Maecenas pulvinar lobortis est.', '2022-12-29 23:14:49', '2022-12-29 23:14:49', 71, 69),
(344, 'Curabitur in libero ut massa volutpat convallis. Morbi odio odio, elementum eu, interdum eu, tincidunt in, leo. Maecenas pulvinar lobortis est.', '2022-12-29 23:14:49', '2022-12-29 23:14:49', 71, 69),
(345, 'Phasellus in felis. Donec semper sapien a libero. Nam dui.\n\nProin leo odio, porttitor id, consequat in, consequat ut, nulla. Sed accumsan felis. Ut at dolor quis odio consequat varius.', '2022-12-29 23:14:49', '2022-12-29 23:14:49', 71, 69),
(346, 'Quisque id justo sit amet sapien dignissim vestibulum. Vestibulum ante ipsum primis in faucibus orci luctus et ultrices posuere cubilia Curae; Nulla dapibus dolor vel est. Donec odio justo, sollicitudin ut, suscipit a, feugiat et, eros.', '2022-12-29 23:14:49', '2022-12-29 23:14:49', 72, 70),
(347, 'Maecenas leo odio, condimentum id, luctus nec, molestie sed, justo. Pellentesque viverra pede ac diam. Cras pellentesque volutpat dui.', '2022-12-29 23:14:49', '2022-12-29 23:14:49', 72, 70),
(348, 'In hac habitasse platea dictumst. Morbi vestibulum, velit id pretium iaculis, diam erat fermentum justo, nec condimentum neque sapien placerat ante. Nulla justo.', '2022-12-29 23:14:49', '2022-12-29 23:14:49', 72, 70),
(349, 'Etiam vel augue. Vestibulum rutrum rutrum neque. Aenean auctor gravida sem.\n\nPraesent id massa id nisl venenatis lacinia. Aenean sit amet justo. Morbi ut odio.', '2022-12-29 23:14:49', '2022-12-29 23:14:49', 72, 70),
(350, 'In hac habitasse platea dictumst. Etiam faucibus cursus urna. Ut tellus.\n\nNulla ut erat id mauris vulputate elementum. Nullam varius. Nulla facilisi.', '2022-12-29 23:14:49', '2022-12-29 23:14:49', 72, 70),
(351, 'Phasellus in felis. Donec semper sapien a libero. Nam dui.\n\nProin leo odio, porttitor id, consequat in, consequat ut, nulla. Sed accumsan felis. Ut at dolor quis odio consequat varius.', '2022-12-29 23:14:49', '2022-12-29 23:14:49', 73, 71),
(352, 'Cras mi pede, malesuada in, imperdiet et, commodo vulputate, justo. In blandit ultrices enim. Lorem ipsum dolor sit amet, consectetuer adipiscing elit.', '2022-12-29 23:14:49', '2022-12-29 23:14:49', 73, 71),
(353, 'Etiam vel augue. Vestibulum rutrum rutrum neque. Aenean auctor gravida sem.\n\nPraesent id massa id nisl venenatis lacinia. Aenean sit amet justo. Morbi ut odio.', '2022-12-29 23:14:50', '2022-12-29 23:14:50', 73, 71),
(354, 'Etiam vel augue. Vestibulum rutrum rutrum neque. Aenean auctor gravida sem.\n\nPraesent id massa id nisl venenatis lacinia. Aenean sit amet justo. Morbi ut odio.', '2022-12-29 23:14:50', '2022-12-29 23:14:50', 73, 71),
(355, 'Mauris enim leo, rhoncus sed, vestibulum sit amet, cursus id, turpis. Integer aliquet, massa id lobortis convallis, tortor risus dapibus augue, vel accumsan tellus nisi eu orci. Mauris lacinia sapien quis libero.\n\nNullam sit amet turpis elementum ligula vehicula consequat. Morbi a ipsum. Integer a nibh.', '2022-12-29 23:14:50', '2022-12-29 23:14:50', 73, 71),
(356, 'In hac habitasse platea dictumst. Morbi vestibulum, velit id pretium iaculis, diam erat fermentum justo, nec condimentum neque sapien placerat ante. Nulla justo.', '2022-12-29 23:14:50', '2022-12-29 23:14:50', 74, 72),
(357, 'In hac habitasse platea dictumst. Etiam faucibus cursus urna. Ut tellus.', '2022-12-29 23:14:50', '2022-12-29 23:14:50', 74, 72),
(358, 'Etiam vel augue. Vestibulum rutrum rutrum neque. Aenean auctor gravida sem.\n\nPraesent id massa id nisl venenatis lacinia. Aenean sit amet justo. Morbi ut odio.', '2022-12-29 23:14:50', '2022-12-29 23:14:50', 74, 72),
(359, 'Cras mi pede, malesuada in, imperdiet et, commodo vulputate, justo. In blandit ultrices enim. Lorem ipsum dolor sit amet, consectetuer adipiscing elit.\n\nProin interdum mauris non ligula pellentesque ultrices. Phasellus id sapien in sapien iaculis congue. Vivamus metus arcu, adipiscing molestie, hendrerit at, vulputate vitae, nisl.', '2022-12-29 23:14:50', '2022-12-29 23:14:50', 74, 72),
(360, 'Fusce posuere felis sed lacus. Morbi sem mauris, laoreet ut, rhoncus aliquet, pulvinar sed, nisl. Nunc rhoncus dui vel sem.\n\nSed sagittis. Nam congue, risus semper porta volutpat, quam pede lobortis ligula, sit amet eleifend pede libero quis orci. Nullam molestie nibh in lectus.', '2022-12-29 23:14:50', '2022-12-29 23:14:50', 74, 72),
(361, 'Cum sociis natoque penatibus et magnis dis parturient montes, nascetur ridiculus mus. Vivamus vestibulum sagittis sapien. Cum sociis natoque penatibus et magnis dis parturient montes, nascetur ridiculus mus.', '2022-12-29 23:14:50', '2022-12-29 23:14:50', 75, 73),
(362, 'In hac habitasse platea dictumst. Morbi vestibulum, velit id pretium iaculis, diam erat fermentum justo, nec condimentum neque sapien placerat ante. Nulla justo.', '2022-12-29 23:14:50', '2022-12-29 23:14:50', 75, 73),
(363, 'Quisque id justo sit amet sapien dignissim vestibulum. Vestibulum ante ipsum primis in faucibus orci luctus et ultrices posuere cubilia Curae; Nulla dapibus dolor vel est. Donec odio justo, sollicitudin ut, suscipit a, feugiat et, eros.\n\nVestibulum ac est lacinia nisi venenatis tristique. Fusce congue, diam id ornare imperdiet, sapien urna pretium nisl, ut volutpat sapien arcu sed augue. Aliquam erat volutpat.', '2022-12-29 23:14:50', '2022-12-29 23:14:50', 75, 73),
(364, 'Cum sociis natoque penatibus et magnis dis parturient montes, nascetur ridiculus mus. Vivamus vestibulum sagittis sapien. Cum sociis natoque penatibus et magnis dis parturient montes, nascetur ridiculus mus.\n\nEtiam vel augue. Vestibulum rutrum rutrum neque. Aenean auctor gravida sem.', '2022-12-29 23:14:50', '2022-12-29 23:14:50', 75, 73),
(365, 'Integer tincidunt ante vel ipsum. Praesent blandit lacinia erat. Vestibulum sed magna at nunc commodo placerat.\n\nPraesent blandit. Nam nulla. Integer pede justo, lacinia eget, tincidunt eget, tempus vel, pede.', '2022-12-29 23:14:50', '2022-12-29 23:14:50', 75, 73),
(366, 'Fusce consequat. Nulla nisl. Nunc nisl.\n\nDuis bibendum, felis sed interdum venenatis, turpis enim blandit mi, in porttitor pede justo eu massa. Donec dapibus. Duis at velit eu est congue elementum.', '2022-12-29 23:14:50', '2022-12-29 23:14:50', 76, 74),
(367, 'Cum sociis natoque penatibus et magnis dis parturient montes, nascetur ridiculus mus. Vivamus vestibulum sagittis sapien. Cum sociis natoque penatibus et magnis dis parturient montes, nascetur ridiculus mus.', '2022-12-29 23:14:50', '2022-12-29 23:14:50', 76, 74),
(368, 'Duis bibendum, felis sed interdum venenatis, turpis enim blandit mi, in porttitor pede justo eu massa. Donec dapibus. Duis at velit eu est congue elementum.', '2022-12-29 23:14:50', '2022-12-29 23:14:50', 76, 74),
(369, 'Integer tincidunt ante vel ipsum. Praesent blandit lacinia erat. Vestibulum sed magna at nunc commodo placerat.\n\nPraesent blandit. Nam nulla. Integer pede justo, lacinia eget, tincidunt eget, tempus vel, pede.', '2022-12-29 23:14:50', '2022-12-29 23:14:50', 76, 74),
(370, 'Integer ac leo. Pellentesque ultrices mattis odio. Donec vitae nisi.\n\nNam ultrices, libero non mattis pulvinar, nulla pede ullamcorper augue, a suscipit nulla elit ac nulla. Sed vel enim sit amet nunc viverra dapibus. Nulla suscipit ligula in lacus.', '2022-12-29 23:14:50', '2022-12-29 23:14:50', 76, 74),
(371, 'Morbi non lectus. Aliquam sit amet diam in magna bibendum imperdiet. Nullam orci pede, venenatis non, sodales sed, tincidunt eu, felis.\n\nFusce posuere felis sed lacus. Morbi sem mauris, laoreet ut, rhoncus aliquet, pulvinar sed, nisl. Nunc rhoncus dui vel sem.', '2022-12-29 23:14:50', '2022-12-29 23:14:50', 77, 75),
(372, 'Curabitur gravida nisi at nibh. In hac habitasse platea dictumst. Aliquam augue quam, sollicitudin vitae, consectetuer eget, rutrum at, lorem.', '2022-12-29 23:14:50', '2022-12-29 23:14:50', 77, 75),
(373, 'Integer ac leo. Pellentesque ultrices mattis odio. Donec vitae nisi.', '2022-12-29 23:14:50', '2022-12-29 23:14:50', 77, 75),
(374, 'Fusce consequat. Nulla nisl. Nunc nisl.\n\nDuis bibendum, felis sed interdum venenatis, turpis enim blandit mi, in porttitor pede justo eu massa. Donec dapibus. Duis at velit eu est congue elementum.', '2022-12-29 23:14:50', '2022-12-29 23:14:50', 77, 75),
(375, 'Fusce consequat. Nulla nisl. Nunc nisl.', '2022-12-29 23:14:50', '2022-12-29 23:14:50', 77, 75),
(376, 'Integer tincidunt ante vel ipsum. Praesent blandit lacinia erat. Vestibulum sed magna at nunc commodo placerat.\n\nPraesent blandit. Nam nulla. Integer pede justo, lacinia eget, tincidunt eget, tempus vel, pede.', '2022-12-29 23:14:50', '2022-12-29 23:14:50', 78, 76),
(377, 'Lorem ipsum dolor sit amet, consectetuer adipiscing elit. Proin risus. Praesent lectus.', '2022-12-29 23:14:50', '2022-12-29 23:14:50', 78, 76),
(378, 'Duis aliquam convallis nunc. Proin at turpis a pede posuere nonummy. Integer non velit.', '2022-12-29 23:14:50', '2022-12-29 23:14:50', 78, 76),
(379, 'Curabitur in libero ut massa volutpat convallis. Morbi odio odio, elementum eu, interdum eu, tincidunt in, leo. Maecenas pulvinar lobortis est.', '2022-12-29 23:14:50', '2022-12-29 23:14:50', 78, 76),
(380, 'Maecenas leo odio, condimentum id, luctus nec, molestie sed, justo. Pellentesque viverra pede ac diam. Cras pellentesque volutpat dui.', '2022-12-29 23:14:50', '2022-12-29 23:14:50', 78, 76),
(381, 'Quisque id justo sit amet sapien dignissim vestibulum. Vestibulum ante ipsum primis in faucibus orci luctus et ultrices posuere cubilia Curae; Nulla dapibus dolor vel est. Donec odio justo, sollicitudin ut, suscipit a, feugiat et, eros.', '2022-12-29 23:14:50', '2022-12-29 23:14:50', 79, 77),
(382, 'Sed sagittis. Nam congue, risus semper porta volutpat, quam pede lobortis ligula, sit amet eleifend pede libero quis orci. Nullam molestie nibh in lectus.\n\nPellentesque at nulla. Suspendisse potenti. Cras in purus eu magna vulputate luctus.', '2022-12-29 23:14:50', '2022-12-29 23:14:50', 79, 77),
(383, 'Sed sagittis. Nam congue, risus semper porta volutpat, quam pede lobortis ligula, sit amet eleifend pede libero quis orci. Nullam molestie nibh in lectus.\n\nPellentesque at nulla. Suspendisse potenti. Cras in purus eu magna vulputate luctus.', '2022-12-29 23:14:50', '2022-12-29 23:14:50', 79, 77),
(384, 'Sed sagittis. Nam congue, risus semper porta volutpat, quam pede lobortis ligula, sit amet eleifend pede libero quis orci. Nullam molestie nibh in lectus.', '2022-12-29 23:14:50', '2022-12-29 23:14:50', 79, 77),
(385, 'Cras mi pede, malesuada in, imperdiet et, commodo vulputate, justo. In blandit ultrices enim. Lorem ipsum dolor sit amet, consectetuer adipiscing elit.\n\nProin interdum mauris non ligula pellentesque ultrices. Phasellus id sapien in sapien iaculis congue. Vivamus metus arcu, adipiscing molestie, hendrerit at, vulputate vitae, nisl.', '2022-12-29 23:14:50', '2022-12-29 23:14:50', 79, 77),
(386, 'Quisque id justo sit amet sapien dignissim vestibulum. Vestibulum ante ipsum primis in faucibus orci luctus et ultrices posuere cubilia Curae; Nulla dapibus dolor vel est. Donec odio justo, sollicitudin ut, suscipit a, feugiat et, eros.', '2022-12-29 23:14:50', '2022-12-29 23:14:50', 80, 78),
(387, 'Integer ac leo. Pellentesque ultrices mattis odio. Donec vitae nisi.', '2022-12-29 23:14:50', '2022-12-29 23:14:50', 80, 78),
(388, 'Vestibulum quam sapien, varius ut, blandit non, interdum in, ante. Vestibulum ante ipsum primis in faucibus orci luctus et ultrices posuere cubilia Curae; Duis faucibus accumsan odio. Curabitur convallis.\n\nDuis consequat dui nec nisi volutpat eleifend. Donec ut dolor. Morbi vel lectus in quam fringilla rhoncus.', '2022-12-29 23:14:50', '2022-12-29 23:14:50', 80, 78),
(389, 'Cum sociis natoque penatibus et magnis dis parturient montes, nascetur ridiculus mus. Vivamus vestibulum sagittis sapien. Cum sociis natoque penatibus et magnis dis parturient montes, nascetur ridiculus mus.', '2022-12-29 23:14:50', '2022-12-29 23:14:50', 80, 78),
(390, 'Sed sagittis. Nam congue, risus semper porta volutpat, quam pede lobortis ligula, sit amet eleifend pede libero quis orci. Nullam molestie nibh in lectus.', '2022-12-29 23:14:50', '2022-12-29 23:14:50', 80, 78),
(391, 'Duis bibendum, felis sed interdum venenatis, turpis enim blandit mi, in porttitor pede justo eu massa. Donec dapibus. Duis at velit eu est congue elementum.', '2022-12-29 23:14:50', '2022-12-29 23:14:50', 81, 79);
INSERT INTO `commentaires` (`id`, `comment`, `createdAt`, `updatedAt`, `UserId`, `TipId`) VALUES
(392, 'Cum sociis natoque penatibus et magnis dis parturient montes, nascetur ridiculus mus. Vivamus vestibulum sagittis sapien. Cum sociis natoque penatibus et magnis dis parturient montes, nascetur ridiculus mus.', '2022-12-29 23:14:50', '2022-12-29 23:14:50', 81, 79),
(393, 'In hac habitasse platea dictumst. Etiam faucibus cursus urna. Ut tellus.', '2022-12-29 23:14:50', '2022-12-29 23:14:50', 81, 79),
(394, 'Vestibulum quam sapien, varius ut, blandit non, interdum in, ante. Vestibulum ante ipsum primis in faucibus orci luctus et ultrices posuere cubilia Curae; Duis faucibus accumsan odio. Curabitur convallis.\n\nDuis consequat dui nec nisi volutpat eleifend. Donec ut dolor. Morbi vel lectus in quam fringilla rhoncus.', '2022-12-29 23:14:50', '2022-12-29 23:14:50', 81, 79),
(395, 'Integer tincidunt ante vel ipsum. Praesent blandit lacinia erat. Vestibulum sed magna at nunc commodo placerat.\n\nPraesent blandit. Nam nulla. Integer pede justo, lacinia eget, tincidunt eget, tempus vel, pede.', '2022-12-29 23:14:50', '2022-12-29 23:14:50', 81, 79),
(396, 'Maecenas tristique, est et tempus semper, est quam pharetra magna, ac consequat metus sapien ut nunc. Vestibulum ante ipsum primis in faucibus orci luctus et ultrices posuere cubilia Curae; Mauris viverra diam vitae quam. Suspendisse potenti.', '2022-12-29 23:14:50', '2022-12-29 23:14:50', 82, 80),
(397, 'Integer tincidunt ante vel ipsum. Praesent blandit lacinia erat. Vestibulum sed magna at nunc commodo placerat.\n\nPraesent blandit. Nam nulla. Integer pede justo, lacinia eget, tincidunt eget, tempus vel, pede.', '2022-12-29 23:14:50', '2022-12-29 23:14:50', 82, 80),
(398, 'Proin eu mi. Nulla ac enim. In tempor, turpis nec euismod scelerisque, quam turpis adipiscing lorem, vitae mattis nibh ligula nec sem.', '2022-12-29 23:14:50', '2022-12-29 23:14:50', 82, 80),
(399, 'Phasellus in felis. Donec semper sapien a libero. Nam dui.\n\nProin leo odio, porttitor id, consequat in, consequat ut, nulla. Sed accumsan felis. Ut at dolor quis odio consequat varius.', '2022-12-29 23:14:50', '2022-12-29 23:14:50', 82, 80),
(400, 'Maecenas leo odio, condimentum id, luctus nec, molestie sed, justo. Pellentesque viverra pede ac diam. Cras pellentesque volutpat dui.\n\nMaecenas tristique, est et tempus semper, est quam pharetra magna, ac consequat metus sapien ut nunc. Vestibulum ante ipsum primis in faucibus orci luctus et ultrices posuere cubilia Curae; Mauris viverra diam vitae quam. Suspendisse potenti.', '2022-12-29 23:14:50', '2022-12-29 23:14:50', 82, 80),
(401, 'Quisque id justo sit amet sapien dignissim vestibulum. Vestibulum ante ipsum primis in faucibus orci luctus et ultrices posuere cubilia Curae; Nulla dapibus dolor vel est. Donec odio justo, sollicitudin ut, suscipit a, feugiat et, eros.', '2022-12-29 23:14:50', '2022-12-29 23:14:50', 83, 81),
(402, 'Donec diam neque, vestibulum eget, vulputate ut, ultrices vel, augue. Vestibulum ante ipsum primis in faucibus orci luctus et ultrices posuere cubilia Curae; Donec pharetra, magna vestibulum aliquet ultrices, erat tortor sollicitudin mi, sit amet lobortis sapien sapien non mi. Integer ac neque.', '2022-12-29 23:14:50', '2022-12-29 23:14:50', 83, 81),
(403, 'Sed sagittis. Nam congue, risus semper porta volutpat, quam pede lobortis ligula, sit amet eleifend pede libero quis orci. Nullam molestie nibh in lectus.', '2022-12-29 23:14:50', '2022-12-29 23:14:50', 83, 81),
(404, 'Donec diam neque, vestibulum eget, vulputate ut, ultrices vel, augue. Vestibulum ante ipsum primis in faucibus orci luctus et ultrices posuere cubilia Curae; Donec pharetra, magna vestibulum aliquet ultrices, erat tortor sollicitudin mi, sit amet lobortis sapien sapien non mi. Integer ac neque.', '2022-12-29 23:14:50', '2022-12-29 23:14:50', 83, 81),
(405, 'In sagittis dui vel nisl. Duis ac nibh. Fusce lacus purus, aliquet at, feugiat non, pretium quis, lectus.\n\nSuspendisse potenti. In eleifend quam a odio. In hac habitasse platea dictumst.', '2022-12-29 23:14:50', '2022-12-29 23:14:50', 83, 81),
(406, 'Praesent blandit. Nam nulla. Integer pede justo, lacinia eget, tincidunt eget, tempus vel, pede.', '2022-12-29 23:14:50', '2022-12-29 23:14:50', 84, 82),
(407, 'Integer ac leo. Pellentesque ultrices mattis odio. Donec vitae nisi.\n\nNam ultrices, libero non mattis pulvinar, nulla pede ullamcorper augue, a suscipit nulla elit ac nulla. Sed vel enim sit amet nunc viverra dapibus. Nulla suscipit ligula in lacus.', '2022-12-29 23:14:50', '2022-12-29 23:14:50', 84, 82),
(408, 'Mauris enim leo, rhoncus sed, vestibulum sit amet, cursus id, turpis. Integer aliquet, massa id lobortis convallis, tortor risus dapibus augue, vel accumsan tellus nisi eu orci. Mauris lacinia sapien quis libero.\n\nNullam sit amet turpis elementum ligula vehicula consequat. Morbi a ipsum. Integer a nibh.', '2022-12-29 23:14:50', '2022-12-29 23:14:50', 84, 82),
(409, 'Cras mi pede, malesuada in, imperdiet et, commodo vulputate, justo. In blandit ultrices enim. Lorem ipsum dolor sit amet, consectetuer adipiscing elit.\n\nProin interdum mauris non ligula pellentesque ultrices. Phasellus id sapien in sapien iaculis congue. Vivamus metus arcu, adipiscing molestie, hendrerit at, vulputate vitae, nisl.', '2022-12-29 23:14:50', '2022-12-29 23:14:50', 84, 82),
(410, 'Mauris enim leo, rhoncus sed, vestibulum sit amet, cursus id, turpis. Integer aliquet, massa id lobortis convallis, tortor risus dapibus augue, vel accumsan tellus nisi eu orci. Mauris lacinia sapien quis libero.', '2022-12-29 23:14:50', '2022-12-29 23:14:50', 84, 82),
(411, 'Praesent blandit. Nam nulla. Integer pede justo, lacinia eget, tincidunt eget, tempus vel, pede.', '2022-12-29 23:14:50', '2022-12-29 23:14:50', 85, 83),
(412, 'Aenean fermentum. Donec ut mauris eget massa tempor convallis. Nulla neque libero, convallis eget, eleifend luctus, ultricies eu, nibh.', '2022-12-29 23:14:50', '2022-12-29 23:14:50', 85, 83),
(413, 'Praesent blandit. Nam nulla. Integer pede justo, lacinia eget, tincidunt eget, tempus vel, pede.', '2022-12-29 23:14:50', '2022-12-29 23:14:50', 85, 83),
(414, 'Cum sociis natoque penatibus et magnis dis parturient montes, nascetur ridiculus mus. Vivamus vestibulum sagittis sapien. Cum sociis natoque penatibus et magnis dis parturient montes, nascetur ridiculus mus.\n\nEtiam vel augue. Vestibulum rutrum rutrum neque. Aenean auctor gravida sem.', '2022-12-29 23:14:50', '2022-12-29 23:14:50', 85, 83),
(415, 'Maecenas leo odio, condimentum id, luctus nec, molestie sed, justo. Pellentesque viverra pede ac diam. Cras pellentesque volutpat dui.', '2022-12-29 23:14:50', '2022-12-29 23:14:50', 85, 83),
(416, 'Integer tincidunt ante vel ipsum. Praesent blandit lacinia erat. Vestibulum sed magna at nunc commodo placerat.\n\nPraesent blandit. Nam nulla. Integer pede justo, lacinia eget, tincidunt eget, tempus vel, pede.', '2022-12-29 23:14:50', '2022-12-29 23:14:50', 86, 84),
(417, 'Phasellus in felis. Donec semper sapien a libero. Nam dui.', '2022-12-29 23:14:50', '2022-12-29 23:14:50', 86, 84),
(418, 'Mauris enim leo, rhoncus sed, vestibulum sit amet, cursus id, turpis. Integer aliquet, massa id lobortis convallis, tortor risus dapibus augue, vel accumsan tellus nisi eu orci. Mauris lacinia sapien quis libero.', '2022-12-29 23:14:50', '2022-12-29 23:14:50', 86, 84),
(419, 'Vestibulum quam sapien, varius ut, blandit non, interdum in, ante. Vestibulum ante ipsum primis in faucibus orci luctus et ultrices posuere cubilia Curae; Duis faucibus accumsan odio. Curabitur convallis.\n\nDuis consequat dui nec nisi volutpat eleifend. Donec ut dolor. Morbi vel lectus in quam fringilla rhoncus.', '2022-12-29 23:14:50', '2022-12-29 23:14:50', 86, 84),
(420, 'Morbi non lectus. Aliquam sit amet diam in magna bibendum imperdiet. Nullam orci pede, venenatis non, sodales sed, tincidunt eu, felis.', '2022-12-29 23:14:50', '2022-12-29 23:14:50', 86, 84),
(421, 'Maecenas ut massa quis augue luctus tincidunt. Nulla mollis molestie lorem. Quisque ut erat.\n\nCurabitur gravida nisi at nibh. In hac habitasse platea dictumst. Aliquam augue quam, sollicitudin vitae, consectetuer eget, rutrum at, lorem.', '2022-12-29 23:14:50', '2022-12-29 23:14:50', 87, 85),
(422, 'Nullam sit amet turpis elementum ligula vehicula consequat. Morbi a ipsum. Integer a nibh.', '2022-12-29 23:14:50', '2022-12-29 23:14:50', 87, 85),
(423, 'Maecenas leo odio, condimentum id, luctus nec, molestie sed, justo. Pellentesque viverra pede ac diam. Cras pellentesque volutpat dui.', '2022-12-29 23:14:50', '2022-12-29 23:14:50', 87, 85),
(424, 'Phasellus in felis. Donec semper sapien a libero. Nam dui.\n\nProin leo odio, porttitor id, consequat in, consequat ut, nulla. Sed accumsan felis. Ut at dolor quis odio consequat varius.', '2022-12-29 23:14:50', '2022-12-29 23:14:50', 87, 85),
(425, 'Aenean fermentum. Donec ut mauris eget massa tempor convallis. Nulla neque libero, convallis eget, eleifend luctus, ultricies eu, nibh.\n\nQuisque id justo sit amet sapien dignissim vestibulum. Vestibulum ante ipsum primis in faucibus orci luctus et ultrices posuere cubilia Curae; Nulla dapibus dolor vel est. Donec odio justo, sollicitudin ut, suscipit a, feugiat et, eros.', '2022-12-29 23:14:50', '2022-12-29 23:14:50', 87, 85),
(426, 'Praesent id massa id nisl venenatis lacinia. Aenean sit amet justo. Morbi ut odio.\n\nCras mi pede, malesuada in, imperdiet et, commodo vulputate, justo. In blandit ultrices enim. Lorem ipsum dolor sit amet, consectetuer adipiscing elit.', '2022-12-29 23:14:50', '2022-12-29 23:14:50', 88, 86),
(427, 'Fusce consequat. Nulla nisl. Nunc nisl.', '2022-12-29 23:14:50', '2022-12-29 23:14:50', 88, 86),
(428, 'Cum sociis natoque penatibus et magnis dis parturient montes, nascetur ridiculus mus. Vivamus vestibulum sagittis sapien. Cum sociis natoque penatibus et magnis dis parturient montes, nascetur ridiculus mus.\n\nEtiam vel augue. Vestibulum rutrum rutrum neque. Aenean auctor gravida sem.', '2022-12-29 23:14:50', '2022-12-29 23:14:50', 88, 86),
(429, 'Maecenas ut massa quis augue luctus tincidunt. Nulla mollis molestie lorem. Quisque ut erat.\n\nCurabitur gravida nisi at nibh. In hac habitasse platea dictumst. Aliquam augue quam, sollicitudin vitae, consectetuer eget, rutrum at, lorem.', '2022-12-29 23:14:50', '2022-12-29 23:14:50', 88, 86),
(430, 'Sed sagittis. Nam congue, risus semper porta volutpat, quam pede lobortis ligula, sit amet eleifend pede libero quis orci. Nullam molestie nibh in lectus.', '2022-12-29 23:14:50', '2022-12-29 23:14:50', 88, 86),
(431, 'Fusce consequat. Nulla nisl. Nunc nisl.\n\nDuis bibendum, felis sed interdum venenatis, turpis enim blandit mi, in porttitor pede justo eu massa. Donec dapibus. Duis at velit eu est congue elementum.', '2022-12-29 23:14:50', '2022-12-29 23:14:50', 89, 87),
(432, 'Cras mi pede, malesuada in, imperdiet et, commodo vulputate, justo. In blandit ultrices enim. Lorem ipsum dolor sit amet, consectetuer adipiscing elit.', '2022-12-29 23:14:50', '2022-12-29 23:14:50', 89, 87),
(433, 'Praesent id massa id nisl venenatis lacinia. Aenean sit amet justo. Morbi ut odio.\n\nCras mi pede, malesuada in, imperdiet et, commodo vulputate, justo. In blandit ultrices enim. Lorem ipsum dolor sit amet, consectetuer adipiscing elit.', '2022-12-29 23:14:50', '2022-12-29 23:14:50', 89, 87),
(434, 'Aenean fermentum. Donec ut mauris eget massa tempor convallis. Nulla neque libero, convallis eget, eleifend luctus, ultricies eu, nibh.', '2022-12-29 23:14:50', '2022-12-29 23:14:50', 89, 87),
(435, 'Mauris enim leo, rhoncus sed, vestibulum sit amet, cursus id, turpis. Integer aliquet, massa id lobortis convallis, tortor risus dapibus augue, vel accumsan tellus nisi eu orci. Mauris lacinia sapien quis libero.\n\nNullam sit amet turpis elementum ligula vehicula consequat. Morbi a ipsum. Integer a nibh.', '2022-12-29 23:14:50', '2022-12-29 23:14:50', 89, 87),
(436, 'Curabitur gravida nisi at nibh. In hac habitasse platea dictumst. Aliquam augue quam, sollicitudin vitae, consectetuer eget, rutrum at, lorem.', '2022-12-29 23:14:50', '2022-12-29 23:14:50', 90, 88),
(437, 'Sed sagittis. Nam congue, risus semper porta volutpat, quam pede lobortis ligula, sit amet eleifend pede libero quis orci. Nullam molestie nibh in lectus.\n\nPellentesque at nulla. Suspendisse potenti. Cras in purus eu magna vulputate luctus.', '2022-12-29 23:14:50', '2022-12-29 23:14:50', 90, 88),
(438, 'In hac habitasse platea dictumst. Morbi vestibulum, velit id pretium iaculis, diam erat fermentum justo, nec condimentum neque sapien placerat ante. Nulla justo.', '2022-12-29 23:14:50', '2022-12-29 23:14:50', 90, 88),
(439, 'Nullam porttitor lacus at turpis. Donec posuere metus vitae ipsum. Aliquam non mauris.\n\nMorbi non lectus. Aliquam sit amet diam in magna bibendum imperdiet. Nullam orci pede, venenatis non, sodales sed, tincidunt eu, felis.', '2022-12-29 23:14:50', '2022-12-29 23:14:50', 90, 88),
(440, 'Quisque id justo sit amet sapien dignissim vestibulum. Vestibulum ante ipsum primis in faucibus orci luctus et ultrices posuere cubilia Curae; Nulla dapibus dolor vel est. Donec odio justo, sollicitudin ut, suscipit a, feugiat et, eros.', '2022-12-29 23:14:50', '2022-12-29 23:14:50', 90, 88),
(441, 'Cras mi pede, malesuada in, imperdiet et, commodo vulputate, justo. In blandit ultrices enim. Lorem ipsum dolor sit amet, consectetuer adipiscing elit.\n\nProin interdum mauris non ligula pellentesque ultrices. Phasellus id sapien in sapien iaculis congue. Vivamus metus arcu, adipiscing molestie, hendrerit at, vulputate vitae, nisl.', '2022-12-29 23:14:50', '2022-12-29 23:14:50', 91, 89),
(442, 'Aenean lectus. Pellentesque eget nunc. Donec quis orci eget orci vehicula condimentum.\n\nCurabitur in libero ut massa volutpat convallis. Morbi odio odio, elementum eu, interdum eu, tincidunt in, leo. Maecenas pulvinar lobortis est.', '2022-12-29 23:14:50', '2022-12-29 23:14:50', 91, 89),
(443, 'Etiam vel augue. Vestibulum rutrum rutrum neque. Aenean auctor gravida sem.\n\nPraesent id massa id nisl venenatis lacinia. Aenean sit amet justo. Morbi ut odio.', '2022-12-29 23:14:50', '2022-12-29 23:14:50', 91, 89),
(444, 'Praesent id massa id nisl venenatis lacinia. Aenean sit amet justo. Morbi ut odio.\n\nCras mi pede, malesuada in, imperdiet et, commodo vulputate, justo. In blandit ultrices enim. Lorem ipsum dolor sit amet, consectetuer adipiscing elit.', '2022-12-29 23:14:50', '2022-12-29 23:14:50', 91, 89),
(445, 'Duis aliquam convallis nunc. Proin at turpis a pede posuere nonummy. Integer non velit.', '2022-12-29 23:14:50', '2022-12-29 23:14:50', 91, 89),
(446, 'Fusce consequat. Nulla nisl. Nunc nisl.\n\nDuis bibendum, felis sed interdum venenatis, turpis enim blandit mi, in porttitor pede justo eu massa. Donec dapibus. Duis at velit eu est congue elementum.', '2022-12-29 23:14:50', '2022-12-29 23:14:50', 92, 90),
(447, 'Praesent id massa id nisl venenatis lacinia. Aenean sit amet justo. Morbi ut odio.', '2022-12-29 23:14:50', '2022-12-29 23:14:50', 92, 90),
(448, 'Quisque id justo sit amet sapien dignissim vestibulum. Vestibulum ante ipsum primis in faucibus orci luctus et ultrices posuere cubilia Curae; Nulla dapibus dolor vel est. Donec odio justo, sollicitudin ut, suscipit a, feugiat et, eros.', '2022-12-29 23:14:50', '2022-12-29 23:14:50', 92, 90),
(449, 'Duis bibendum. Morbi non quam nec dui luctus rutrum. Nulla tellus.', '2022-12-29 23:14:50', '2022-12-29 23:14:50', 92, 90),
(450, 'In hac habitasse platea dictumst. Morbi vestibulum, velit id pretium iaculis, diam erat fermentum justo, nec condimentum neque sapien placerat ante. Nulla justo.', '2022-12-29 23:14:50', '2022-12-29 23:14:50', 92, 90),
(451, 'Morbi porttitor lorem id ligula. Suspendisse ornare consequat lectus. In est risus, auctor sed, tristique in, tempus sit amet, sem.\n\nFusce consequat. Nulla nisl. Nunc nisl.', '2022-12-29 23:14:50', '2022-12-29 23:14:50', 93, 91),
(452, 'Phasellus in felis. Donec semper sapien a libero. Nam dui.\n\nProin leo odio, porttitor id, consequat in, consequat ut, nulla. Sed accumsan felis. Ut at dolor quis odio consequat varius.', '2022-12-29 23:14:50', '2022-12-29 23:14:50', 93, 91),
(453, 'Phasellus in felis. Donec semper sapien a libero. Nam dui.', '2022-12-29 23:14:50', '2022-12-29 23:14:50', 93, 91),
(454, 'Nam ultrices, libero non mattis pulvinar, nulla pede ullamcorper augue, a suscipit nulla elit ac nulla. Sed vel enim sit amet nunc viverra dapibus. Nulla suscipit ligula in lacus.', '2022-12-29 23:14:50', '2022-12-29 23:14:50', 93, 91),
(455, 'Integer tincidunt ante vel ipsum. Praesent blandit lacinia erat. Vestibulum sed magna at nunc commodo placerat.\n\nPraesent blandit. Nam nulla. Integer pede justo, lacinia eget, tincidunt eget, tempus vel, pede.', '2022-12-29 23:14:50', '2022-12-29 23:14:50', 93, 91),
(456, 'In hac habitasse platea dictumst. Etiam faucibus cursus urna. Ut tellus.', '2022-12-29 23:14:50', '2022-12-29 23:14:50', 94, 92),
(457, 'Quisque id justo sit amet sapien dignissim vestibulum. Vestibulum ante ipsum primis in faucibus orci luctus et ultrices posuere cubilia Curae; Nulla dapibus dolor vel est. Donec odio justo, sollicitudin ut, suscipit a, feugiat et, eros.\n\nVestibulum ac est lacinia nisi venenatis tristique. Fusce congue, diam id ornare imperdiet, sapien urna pretium nisl, ut volutpat sapien arcu sed augue. Aliquam erat volutpat.', '2022-12-29 23:14:50', '2022-12-29 23:14:50', 94, 92),
(458, 'Curabitur gravida nisi at nibh. In hac habitasse platea dictumst. Aliquam augue quam, sollicitudin vitae, consectetuer eget, rutrum at, lorem.', '2022-12-29 23:14:50', '2022-12-29 23:14:50', 94, 92),
(459, 'Curabitur in libero ut massa volutpat convallis. Morbi odio odio, elementum eu, interdum eu, tincidunt in, leo. Maecenas pulvinar lobortis est.', '2022-12-29 23:14:50', '2022-12-29 23:14:50', 94, 92),
(460, 'Cras mi pede, malesuada in, imperdiet et, commodo vulputate, justo. In blandit ultrices enim. Lorem ipsum dolor sit amet, consectetuer adipiscing elit.', '2022-12-29 23:14:50', '2022-12-29 23:14:50', 94, 92),
(461, 'Quisque id justo sit amet sapien dignissim vestibulum. Vestibulum ante ipsum primis in faucibus orci luctus et ultrices posuere cubilia Curae; Nulla dapibus dolor vel est. Donec odio justo, sollicitudin ut, suscipit a, feugiat et, eros.\n\nVestibulum ac est lacinia nisi venenatis tristique. Fusce congue, diam id ornare imperdiet, sapien urna pretium nisl, ut volutpat sapien arcu sed augue. Aliquam erat volutpat.', '2022-12-29 23:14:50', '2022-12-29 23:14:50', 95, 93),
(462, 'In hac habitasse platea dictumst. Etiam faucibus cursus urna. Ut tellus.', '2022-12-29 23:14:50', '2022-12-29 23:14:50', 95, 93),
(463, 'Proin eu mi. Nulla ac enim. In tempor, turpis nec euismod scelerisque, quam turpis adipiscing lorem, vitae mattis nibh ligula nec sem.', '2022-12-29 23:14:50', '2022-12-29 23:14:50', 95, 93),
(464, 'Integer tincidunt ante vel ipsum. Praesent blandit lacinia erat. Vestibulum sed magna at nunc commodo placerat.\n\nPraesent blandit. Nam nulla. Integer pede justo, lacinia eget, tincidunt eget, tempus vel, pede.', '2022-12-29 23:14:50', '2022-12-29 23:14:50', 95, 93),
(465, 'Integer tincidunt ante vel ipsum. Praesent blandit lacinia erat. Vestibulum sed magna at nunc commodo placerat.', '2022-12-29 23:14:50', '2022-12-29 23:14:50', 95, 93),
(466, 'Cras mi pede, malesuada in, imperdiet et, commodo vulputate, justo. In blandit ultrices enim. Lorem ipsum dolor sit amet, consectetuer adipiscing elit.', '2022-12-29 23:14:50', '2022-12-29 23:14:50', 96, 94),
(467, 'Aenean fermentum. Donec ut mauris eget massa tempor convallis. Nulla neque libero, convallis eget, eleifend luctus, ultricies eu, nibh.\n\nQuisque id justo sit amet sapien dignissim vestibulum. Vestibulum ante ipsum primis in faucibus orci luctus et ultrices posuere cubilia Curae; Nulla dapibus dolor vel est. Donec odio justo, sollicitudin ut, suscipit a, feugiat et, eros.', '2022-12-29 23:14:50', '2022-12-29 23:14:50', 96, 94),
(468, 'Duis bibendum. Morbi non quam nec dui luctus rutrum. Nulla tellus.', '2022-12-29 23:14:50', '2022-12-29 23:14:50', 96, 94),
(469, 'Quisque id justo sit amet sapien dignissim vestibulum. Vestibulum ante ipsum primis in faucibus orci luctus et ultrices posuere cubilia Curae; Nulla dapibus dolor vel est. Donec odio justo, sollicitudin ut, suscipit a, feugiat et, eros.\n\nVestibulum ac est lacinia nisi venenatis tristique. Fusce congue, diam id ornare imperdiet, sapien urna pretium nisl, ut volutpat sapien arcu sed augue. Aliquam erat volutpat.', '2022-12-29 23:14:50', '2022-12-29 23:14:50', 96, 94),
(470, 'Mauris enim leo, rhoncus sed, vestibulum sit amet, cursus id, turpis. Integer aliquet, massa id lobortis convallis, tortor risus dapibus augue, vel accumsan tellus nisi eu orci. Mauris lacinia sapien quis libero.', '2022-12-29 23:14:50', '2022-12-29 23:14:50', 96, 94),
(471, 'Cum sociis natoque penatibus et magnis dis parturient montes, nascetur ridiculus mus. Vivamus vestibulum sagittis sapien. Cum sociis natoque penatibus et magnis dis parturient montes, nascetur ridiculus mus.\n\nEtiam vel augue. Vestibulum rutrum rutrum neque. Aenean auctor gravida sem.', '2022-12-29 23:14:50', '2022-12-29 23:14:50', 97, 95),
(472, 'Fusce consequat. Nulla nisl. Nunc nisl.\n\nDuis bibendum, felis sed interdum venenatis, turpis enim blandit mi, in porttitor pede justo eu massa. Donec dapibus. Duis at velit eu est congue elementum.', '2022-12-29 23:14:50', '2022-12-29 23:14:50', 97, 95),
(473, 'Praesent id massa id nisl venenatis lacinia. Aenean sit amet justo. Morbi ut odio.\n\nCras mi pede, malesuada in, imperdiet et, commodo vulputate, justo. In blandit ultrices enim. Lorem ipsum dolor sit amet, consectetuer adipiscing elit.', '2022-12-29 23:14:50', '2022-12-29 23:14:50', 97, 95),
(474, 'Maecenas leo odio, condimentum id, luctus nec, molestie sed, justo. Pellentesque viverra pede ac diam. Cras pellentesque volutpat dui.', '2022-12-29 23:14:50', '2022-12-29 23:14:50', 97, 95),
(475, 'In hac habitasse platea dictumst. Etiam faucibus cursus urna. Ut tellus.', '2022-12-29 23:14:50', '2022-12-29 23:14:50', 97, 95),
(476, 'Curabitur gravida nisi at nibh. In hac habitasse platea dictumst. Aliquam augue quam, sollicitudin vitae, consectetuer eget, rutrum at, lorem.', '2022-12-29 23:14:50', '2022-12-29 23:14:50', 98, 96),
(477, 'In hac habitasse platea dictumst. Morbi vestibulum, velit id pretium iaculis, diam erat fermentum justo, nec condimentum neque sapien placerat ante. Nulla justo.\n\nAliquam quis turpis eget elit sodales scelerisque. Mauris sit amet eros. Suspendisse accumsan tortor quis turpis.', '2022-12-29 23:14:50', '2022-12-29 23:14:50', 98, 96),
(478, 'Cras mi pede, malesuada in, imperdiet et, commodo vulputate, justo. In blandit ultrices enim. Lorem ipsum dolor sit amet, consectetuer adipiscing elit.\n\nProin interdum mauris non ligula pellentesque ultrices. Phasellus id sapien in sapien iaculis congue. Vivamus metus arcu, adipiscing molestie, hendrerit at, vulputate vitae, nisl.', '2022-12-29 23:14:50', '2022-12-29 23:14:50', 98, 96),
(479, 'Integer tincidunt ante vel ipsum. Praesent blandit lacinia erat. Vestibulum sed magna at nunc commodo placerat.\n\nPraesent blandit. Nam nulla. Integer pede justo, lacinia eget, tincidunt eget, tempus vel, pede.', '2022-12-29 23:14:50', '2022-12-29 23:14:50', 98, 96),
(480, 'Aenean fermentum. Donec ut mauris eget massa tempor convallis. Nulla neque libero, convallis eget, eleifend luctus, ultricies eu, nibh.\n\nQuisque id justo sit amet sapien dignissim vestibulum. Vestibulum ante ipsum primis in faucibus orci luctus et ultrices posuere cubilia Curae; Nulla dapibus dolor vel est. Donec odio justo, sollicitudin ut, suscipit a, feugiat et, eros.', '2022-12-29 23:14:50', '2022-12-29 23:14:50', 98, 96),
(481, 'Quisque id justo sit amet sapien dignissim vestibulum. Vestibulum ante ipsum primis in faucibus orci luctus et ultrices posuere cubilia Curae; Nulla dapibus dolor vel est. Donec odio justo, sollicitudin ut, suscipit a, feugiat et, eros.\n\nVestibulum ac est lacinia nisi venenatis tristique. Fusce congue, diam id ornare imperdiet, sapien urna pretium nisl, ut volutpat sapien arcu sed augue. Aliquam erat volutpat.', '2022-12-29 23:14:50', '2022-12-29 23:14:50', 99, 97),
(482, 'Quisque id justo sit amet sapien dignissim vestibulum. Vestibulum ante ipsum primis in faucibus orci luctus et ultrices posuere cubilia Curae; Nulla dapibus dolor vel est. Donec odio justo, sollicitudin ut, suscipit a, feugiat et, eros.', '2022-12-29 23:14:50', '2022-12-29 23:14:50', 99, 97),
(483, 'Cras mi pede, malesuada in, imperdiet et, commodo vulputate, justo. In blandit ultrices enim. Lorem ipsum dolor sit amet, consectetuer adipiscing elit.\n\nProin interdum mauris non ligula pellentesque ultrices. Phasellus id sapien in sapien iaculis congue. Vivamus metus arcu, adipiscing molestie, hendrerit at, vulputate vitae, nisl.', '2022-12-29 23:14:50', '2022-12-29 23:14:50', 99, 97),
(484, 'Fusce consequat. Nulla nisl. Nunc nisl.\n\nDuis bibendum, felis sed interdum venenatis, turpis enim blandit mi, in porttitor pede justo eu massa. Donec dapibus. Duis at velit eu est congue elementum.', '2022-12-29 23:14:50', '2022-12-29 23:14:50', 99, 97),
(485, 'Cras non velit nec nisi vulputate nonummy. Maecenas tincidunt lacus at velit. Vivamus vel nulla eget eros elementum pellentesque.', '2022-12-29 23:14:50', '2022-12-29 23:14:50', 99, 97),
(486, 'Curabitur at ipsum ac tellus semper interdum. Mauris ullamcorper purus sit amet nulla. Quisque arcu libero, rutrum ac, lobortis vel, dapibus at, diam.', '2022-12-29 23:14:50', '2022-12-29 23:14:50', 100, 98),
(487, 'Mauris enim leo, rhoncus sed, vestibulum sit amet, cursus id, turpis. Integer aliquet, massa id lobortis convallis, tortor risus dapibus augue, vel accumsan tellus nisi eu orci. Mauris lacinia sapien quis libero.', '2022-12-29 23:14:50', '2022-12-29 23:14:50', 100, 98),
(488, 'Integer tincidunt ante vel ipsum. Praesent blandit lacinia erat. Vestibulum sed magna at nunc commodo placerat.\n\nPraesent blandit. Nam nulla. Integer pede justo, lacinia eget, tincidunt eget, tempus vel, pede.', '2022-12-29 23:14:50', '2022-12-29 23:14:50', 100, 98),
(489, 'Duis bibendum, felis sed interdum venenatis, turpis enim blandit mi, in porttitor pede justo eu massa. Donec dapibus. Duis at velit eu est congue elementum.\n\nIn hac habitasse platea dictumst. Morbi vestibulum, velit id pretium iaculis, diam erat fermentum justo, nec condimentum neque sapien placerat ante. Nulla justo.', '2022-12-29 23:14:50', '2022-12-29 23:14:50', 100, 98),
(490, 'Quisque id justo sit amet sapien dignissim vestibulum. Vestibulum ante ipsum primis in faucibus orci luctus et ultrices posuere cubilia Curae; Nulla dapibus dolor vel est. Donec odio justo, sollicitudin ut, suscipit a, feugiat et, eros.', '2022-12-29 23:14:50', '2022-12-29 23:14:50', 100, 98),
(491, 'Cras mi pede, malesuada in, imperdiet et, commodo vulputate, justo. In blandit ultrices enim. Lorem ipsum dolor sit amet, consectetuer adipiscing elit.', '2022-12-29 23:14:50', '2022-12-29 23:14:50', 101, 99),
(492, 'In hac habitasse platea dictumst. Etiam faucibus cursus urna. Ut tellus.', '2022-12-29 23:14:50', '2022-12-29 23:14:50', 101, 99),
(493, 'Cum sociis natoque penatibus et magnis dis parturient montes, nascetur ridiculus mus. Vivamus vestibulum sagittis sapien. Cum sociis natoque penatibus et magnis dis parturient montes, nascetur ridiculus mus.\n\nEtiam vel augue. Vestibulum rutrum rutrum neque. Aenean auctor gravida sem.', '2022-12-29 23:14:50', '2022-12-29 23:14:50', 101, 99),
(494, 'Duis bibendum, felis sed interdum venenatis, turpis enim blandit mi, in porttitor pede justo eu massa. Donec dapibus. Duis at velit eu est congue elementum.\n\nIn hac habitasse platea dictumst. Morbi vestibulum, velit id pretium iaculis, diam erat fermentum justo, nec condimentum neque sapien placerat ante. Nulla justo.', '2022-12-29 23:14:50', '2022-12-29 23:14:50', 101, 99),
(495, 'Proin eu mi. Nulla ac enim. In tempor, turpis nec euismod scelerisque, quam turpis adipiscing lorem, vitae mattis nibh ligula nec sem.', '2022-12-29 23:14:50', '2022-12-29 23:14:50', 101, 99),
(496, 'Aenean lectus. Pellentesque eget nunc. Donec quis orci eget orci vehicula condimentum.\n\nCurabitur in libero ut massa volutpat convallis. Morbi odio odio, elementum eu, interdum eu, tincidunt in, leo. Maecenas pulvinar lobortis est.', '2022-12-29 23:14:50', '2022-12-29 23:14:50', 102, 100),
(497, 'Duis bibendum. Morbi non quam nec dui luctus rutrum. Nulla tellus.', '2022-12-29 23:14:50', '2022-12-29 23:14:50', 102, 100),
(498, 'Cras mi pede, malesuada in, imperdiet et, commodo vulputate, justo. In blandit ultrices enim. Lorem ipsum dolor sit amet, consectetuer adipiscing elit.\n\nProin interdum mauris non ligula pellentesque ultrices. Phasellus id sapien in sapien iaculis congue. Vivamus metus arcu, adipiscing molestie, hendrerit at, vulputate vitae, nisl.', '2022-12-29 23:14:50', '2022-12-29 23:14:50', 102, 100),
(499, 'In hac habitasse platea dictumst. Morbi vestibulum, velit id pretium iaculis, diam erat fermentum justo, nec condimentum neque sapien placerat ante. Nulla justo.\n\nAliquam quis turpis eget elit sodales scelerisque. Mauris sit amet eros. Suspendisse accumsan tortor quis turpis.', '2022-12-29 23:14:50', '2022-12-29 23:14:50', 102, 100),
(500, 'Pellentesque at nulla. Suspendisse potenti. Cras in purus eu magna vulputate luctus.', '2022-12-29 23:14:50', '2022-12-29 23:14:50', 102, 100),
(501, 'Tout simplement le meilleur objet (mais aussi le plus dangereux)', '2022-12-29 23:25:06', '2022-12-29 23:25:06', 1, 110),
(502, 'Trop cool !!!! :D', '2022-12-29 23:25:30', '2022-12-29 23:25:30', 2, 110);

-- --------------------------------------------------------

--
-- Structure de la table `obtentions`
--

CREATE TABLE `obtentions` (
  `label` varchar(255) NOT NULL,
  `id` int(11) NOT NULL,
  `createdAt` datetime NOT NULL,
  `updatedAt` datetime NOT NULL
) ENGINE=InnoDB DEFAULT CHARSET=utf8;

--
-- Déchargement des données de la table `obtentions`
--

INSERT INTO `obtentions` (`label`, `id`, `createdAt`, `updatedAt`) VALUES
('craft', 1, '2022-12-29 23:14:47', '2022-12-29 23:14:47'),
('loot', 2, '2022-12-29 23:14:47', '2022-12-29 23:14:47');

-- --------------------------------------------------------

--
-- Structure de la table `raretes`
--

CREATE TABLE `raretes` (
  `label` varchar(255) NOT NULL,
  `id` int(11) NOT NULL,
  `createdAt` datetime NOT NULL,
  `updatedAt` datetime NOT NULL
) ENGINE=InnoDB DEFAULT CHARSET=utf8;

--
-- Déchargement des données de la table `raretes`
--

INSERT INTO `raretes` (`label`, `id`, `createdAt`, `updatedAt`) VALUES
('faible', 1, '2022-12-29 23:14:47', '2022-12-29 23:14:47'),
('modéré', 2, '2022-12-29 23:14:47', '2022-12-29 23:14:47'),
('elevé', 3, '2022-12-29 23:14:47', '2022-12-29 23:14:47'),
('tres elevé', 4, '2022-12-29 23:14:47', '2022-12-29 23:14:47');

-- --------------------------------------------------------

--
-- Structure de la table `tags`
--

CREATE TABLE `tags` (
  `label` varchar(255) NOT NULL,
  `id` int(11) NOT NULL,
  `createdAt` datetime NOT NULL,
  `updatedAt` datetime NOT NULL
) ENGINE=InnoDB DEFAULT CHARSET=utf8;

--
-- Déchargement des données de la table `tags`
--

INSERT INTO `tags` (`label`, `id`, `createdAt`, `updatedAt`) VALUES
('morbi', 1, '2022-12-29 23:14:47', '2022-12-29 23:14:47'),
('sagittis', 2, '2022-12-29 23:14:47', '2022-12-29 23:14:47'),
('habitasse', 3, '2022-12-29 23:14:47', '2022-12-29 23:14:47'),
('vestibulum', 4, '2022-12-29 23:14:47', '2022-12-29 23:14:47'),
('nibh', 5, '2022-12-29 23:14:47', '2022-12-29 23:14:47'),
('curabitur', 6, '2022-12-29 23:14:47', '2022-12-29 23:14:47'),
('congue', 7, '2022-12-29 23:14:47', '2022-12-29 23:14:47'),
('sed', 8, '2022-12-29 23:14:47', '2022-12-29 23:14:47'),
('metus', 9, '2022-12-29 23:14:47', '2022-12-29 23:14:47'),
('integer', 10, '2022-12-29 23:14:47', '2022-12-29 23:14:47'),
('pellentesque', 11, '2022-12-29 23:14:47', '2022-12-29 23:14:47'),
('accumsan', 12, '2022-12-29 23:14:47', '2022-12-29 23:14:47'),
('sapien', 13, '2022-12-29 23:14:47', '2022-12-29 23:14:47'),
('primis', 14, '2022-12-29 23:14:47', '2022-12-29 23:14:47'),
('odio', 15, '2022-12-29 23:14:47', '2022-12-29 23:14:47'),
('feugiat', 17, '2022-12-29 23:14:47', '2022-12-29 23:14:47'),
('neque', 18, '2022-12-29 23:14:47', '2022-12-29 23:14:47'),
('épée', 19, '2022-12-29 23:17:24', '2022-12-29 23:17:24'),
('pierre', 20, '2022-12-29 23:17:24', '2022-12-29 23:17:24'),
('arme', 21, '2022-12-29 23:17:24', '2022-12-29 23:17:24'),
('pioche', 22, '2022-12-29 23:17:57', '2022-12-29 23:17:57'),
('outil', 23, '2022-12-29 23:17:57', '2022-12-29 23:17:57'),
('diamant', 24, '2022-12-29 23:18:29', '2022-12-29 23:18:29'),
('hache', 25, '2022-12-29 23:18:58', '2022-12-29 23:18:58'),
('houe', 26, '2022-12-29 23:19:30', '2022-12-29 23:19:30'),
('bouclier', 27, '2022-12-29 23:20:06', '2022-12-29 23:20:06'),
('établie', 28, '2022-12-29 23:20:42', '2022-12-29 23:20:42'),
('block', 29, '2022-12-29 23:20:42', '2022-12-29 23:20:42'),
('coffre', 30, '2022-12-29 23:21:16', '2022-12-29 23:21:16'),
('enchantement', 31, '2022-12-29 23:22:03', '2022-12-29 23:22:03'),
('table', 32, '2022-12-29 23:22:03', '2022-12-29 23:22:03'),
('loot', 33, '2022-12-29 23:22:40', '2022-12-29 23:22:40'),
('enderman', 34, '2022-12-29 23:22:40', '2022-12-29 23:22:40'),
('pearl', 35, '2022-12-29 23:22:40', '2022-12-29 23:22:40'),
('end', 36, '2022-12-29 23:22:40', '2022-12-29 23:22:40'),
('poudre', 37, '2022-12-29 23:23:23', '2022-12-29 23:23:23'),
('creeper', 38, '2022-12-29 23:23:23', '2022-12-29 23:23:23');

-- --------------------------------------------------------

--
-- Structure de la table `tagtips`
--

CREATE TABLE `tagtips` (
  `createdAt` datetime NOT NULL,
  `updatedAt` datetime NOT NULL,
  `TipId` int(11) NOT NULL,
  `TagId` int(11) NOT NULL
) ENGINE=InnoDB DEFAULT CHARSET=utf8;

--
-- Déchargement des données de la table `tagtips`
--

INSERT INTO `tagtips` (`createdAt`, `updatedAt`, `TipId`, `TagId`) VALUES
('2022-12-29 23:14:47', '2022-12-29 23:14:47', 1, 1),
('2022-12-29 23:14:48', '2022-12-29 23:14:48', 1, 2),
('2022-12-29 23:14:47', '2022-12-29 23:14:47', 1, 14),
('2022-12-29 23:14:47', '2022-12-29 23:14:47', 1, 15),
('2022-12-29 23:14:48', '2022-12-29 23:14:48', 2, 6),
('2022-12-29 23:14:48', '2022-12-29 23:14:48', 2, 7),
('2022-12-29 23:14:48', '2022-12-29 23:14:48', 2, 10),
('2022-12-29 23:14:48', '2022-12-29 23:14:48', 2, 14),
('2022-12-29 23:14:48', '2022-12-29 23:14:48', 3, 3),
('2022-12-29 23:14:48', '2022-12-29 23:14:48', 3, 7),
('2022-12-29 23:14:48', '2022-12-29 23:14:48', 3, 8),
('2022-12-29 23:14:48', '2022-12-29 23:14:48', 3, 15),
('2022-12-29 23:14:48', '2022-12-29 23:14:48', 4, 2),
('2022-12-29 23:14:48', '2022-12-29 23:14:48', 4, 5),
('2022-12-29 23:14:48', '2022-12-29 23:14:48', 4, 6),
('2022-12-29 23:14:48', '2022-12-29 23:14:48', 4, 9),
('2022-12-29 23:14:48', '2022-12-29 23:14:48', 5, 2),
('2022-12-29 23:14:48', '2022-12-29 23:14:48', 5, 10),
('2022-12-29 23:14:48', '2022-12-29 23:14:48', 5, 17),
('2022-12-29 23:14:48', '2022-12-29 23:14:48', 6, 7),
('2022-12-29 23:14:48', '2022-12-29 23:14:48', 6, 12),
('2022-12-29 23:14:48', '2022-12-29 23:14:48', 7, 3),
('2022-12-29 23:14:48', '2022-12-29 23:14:48', 7, 7),
('2022-12-29 23:14:48', '2022-12-29 23:14:48', 7, 17),
('2022-12-29 23:14:48', '2022-12-29 23:14:48', 8, 7),
('2022-12-29 23:14:48', '2022-12-29 23:14:48', 8, 8),
('2022-12-29 23:14:48', '2022-12-29 23:14:48', 8, 9),
('2022-12-29 23:14:48', '2022-12-29 23:14:48', 8, 13),
('2022-12-29 23:14:48', '2022-12-29 23:14:48', 9, 7),
('2022-12-29 23:14:48', '2022-12-29 23:14:48', 9, 10),
('2022-12-29 23:14:48', '2022-12-29 23:14:48', 9, 13),
('2022-12-29 23:14:48', '2022-12-29 23:14:48', 10, 4),
('2022-12-29 23:14:48', '2022-12-29 23:14:48', 10, 13),
('2022-12-29 23:14:48', '2022-12-29 23:14:48', 10, 15),
('2022-12-29 23:14:48', '2022-12-29 23:14:48', 10, 17),
('2022-12-29 23:14:48', '2022-12-29 23:14:48', 11, 3),
('2022-12-29 23:14:48', '2022-12-29 23:14:48', 11, 4),
('2022-12-29 23:14:48', '2022-12-29 23:14:48', 11, 5),
('2022-12-29 23:14:48', '2022-12-29 23:14:48', 12, 4),
('2022-12-29 23:14:48', '2022-12-29 23:14:48', 12, 8),
('2022-12-29 23:14:48', '2022-12-29 23:14:48', 12, 9),
('2022-12-29 23:14:48', '2022-12-29 23:14:48', 12, 17),
('2022-12-29 23:14:48', '2022-12-29 23:14:48', 13, 2),
('2022-12-29 23:14:48', '2022-12-29 23:14:48', 13, 5),
('2022-12-29 23:14:48', '2022-12-29 23:14:48', 13, 8),
('2022-12-29 23:14:48', '2022-12-29 23:14:48', 14, 6),
('2022-12-29 23:14:48', '2022-12-29 23:14:48', 14, 7),
('2022-12-29 23:14:48', '2022-12-29 23:14:48', 14, 10),
('2022-12-29 23:14:48', '2022-12-29 23:14:48', 14, 12),
('2022-12-29 23:14:48', '2022-12-29 23:14:48', 15, 1),
('2022-12-29 23:14:48', '2022-12-29 23:14:48', 15, 2),
('2022-12-29 23:14:48', '2022-12-29 23:14:48', 15, 12),
('2022-12-29 23:14:48', '2022-12-29 23:14:48', 16, 5),
('2022-12-29 23:14:48', '2022-12-29 23:14:48', 16, 8),
('2022-12-29 23:14:48', '2022-12-29 23:14:48', 16, 9),
('2022-12-29 23:14:48', '2022-12-29 23:14:48', 16, 13),
('2022-12-29 23:14:48', '2022-12-29 23:14:48', 17, 4),
('2022-12-29 23:14:48', '2022-12-29 23:14:48', 17, 6),
('2022-12-29 23:14:48', '2022-12-29 23:14:48', 17, 13),
('2022-12-29 23:14:48', '2022-12-29 23:14:48', 17, 14),
('2022-12-29 23:14:48', '2022-12-29 23:14:48', 18, 3),
('2022-12-29 23:14:48', '2022-12-29 23:14:48', 18, 4),
('2022-12-29 23:14:48', '2022-12-29 23:14:48', 18, 5),
('2022-12-29 23:14:48', '2022-12-29 23:14:48', 18, 8),
('2022-12-29 23:14:48', '2022-12-29 23:14:48', 19, 1),
('2022-12-29 23:14:48', '2022-12-29 23:14:48', 19, 6),
('2022-12-29 23:14:48', '2022-12-29 23:14:48', 19, 11),
('2022-12-29 23:14:48', '2022-12-29 23:14:48', 19, 12),
('2022-12-29 23:14:48', '2022-12-29 23:14:48', 20, 1),
('2022-12-29 23:14:48', '2022-12-29 23:14:48', 20, 4),
('2022-12-29 23:14:48', '2022-12-29 23:14:48', 20, 14),
('2022-12-29 23:14:48', '2022-12-29 23:14:48', 21, 3),
('2022-12-29 23:14:48', '2022-12-29 23:14:48', 21, 6),
('2022-12-29 23:14:48', '2022-12-29 23:14:48', 21, 14),
('2022-12-29 23:14:48', '2022-12-29 23:14:48', 22, 1),
('2022-12-29 23:14:48', '2022-12-29 23:14:48', 22, 2),
('2022-12-29 23:14:48', '2022-12-29 23:14:48', 22, 7),
('2022-12-29 23:14:48', '2022-12-29 23:14:48', 22, 8),
('2022-12-29 23:14:48', '2022-12-29 23:14:48', 23, 1),
('2022-12-29 23:14:48', '2022-12-29 23:14:48', 23, 10),
('2022-12-29 23:14:48', '2022-12-29 23:14:48', 23, 14),
('2022-12-29 23:14:48', '2022-12-29 23:14:48', 23, 17),
('2022-12-29 23:14:48', '2022-12-29 23:14:48', 24, 6),
('2022-12-29 23:14:48', '2022-12-29 23:14:48', 24, 10),
('2022-12-29 23:14:48', '2022-12-29 23:14:48', 24, 12),
('2022-12-29 23:14:48', '2022-12-29 23:14:48', 24, 13),
('2022-12-29 23:14:48', '2022-12-29 23:14:48', 25, 2),
('2022-12-29 23:14:48', '2022-12-29 23:14:48', 25, 3),
('2022-12-29 23:14:48', '2022-12-29 23:14:48', 25, 5),
('2022-12-29 23:14:48', '2022-12-29 23:14:48', 26, 9),
('2022-12-29 23:14:48', '2022-12-29 23:14:48', 26, 10),
('2022-12-29 23:14:48', '2022-12-29 23:14:48', 26, 13),
('2022-12-29 23:14:48', '2022-12-29 23:14:48', 26, 15),
('2022-12-29 23:14:48', '2022-12-29 23:14:48', 27, 5),
('2022-12-29 23:14:48', '2022-12-29 23:14:48', 27, 7),
('2022-12-29 23:14:48', '2022-12-29 23:14:48', 27, 8),
('2022-12-29 23:14:48', '2022-12-29 23:14:48', 28, 6),
('2022-12-29 23:14:48', '2022-12-29 23:14:48', 28, 10),
('2022-12-29 23:14:48', '2022-12-29 23:14:48', 28, 13),
('2022-12-29 23:14:48', '2022-12-29 23:14:48', 28, 17),
('2022-12-29 23:14:48', '2022-12-29 23:14:48', 29, 5),
('2022-12-29 23:14:48', '2022-12-29 23:14:48', 29, 6),
('2022-12-29 23:14:48', '2022-12-29 23:14:48', 29, 10),
('2022-12-29 23:14:48', '2022-12-29 23:14:48', 29, 12),
('2022-12-29 23:14:48', '2022-12-29 23:14:48', 30, 2),
('2022-12-29 23:14:48', '2022-12-29 23:14:48', 30, 8),
('2022-12-29 23:14:48', '2022-12-29 23:14:48', 30, 9),
('2022-12-29 23:14:48', '2022-12-29 23:14:48', 30, 15),
('2022-12-29 23:14:48', '2022-12-29 23:14:48', 31, 1),
('2022-12-29 23:14:48', '2022-12-29 23:14:48', 31, 8),
('2022-12-29 23:14:48', '2022-12-29 23:14:48', 31, 14),
('2022-12-29 23:14:48', '2022-12-29 23:14:48', 31, 17),
('2022-12-29 23:14:48', '2022-12-29 23:14:48', 32, 7),
('2022-12-29 23:14:48', '2022-12-29 23:14:48', 32, 10),
('2022-12-29 23:14:48', '2022-12-29 23:14:48', 32, 12),
('2022-12-29 23:14:48', '2022-12-29 23:14:48', 32, 13),
('2022-12-29 23:14:48', '2022-12-29 23:14:48', 33, 3),
('2022-12-29 23:14:48', '2022-12-29 23:14:48', 33, 9),
('2022-12-29 23:14:48', '2022-12-29 23:14:48', 33, 15),
('2022-12-29 23:14:48', '2022-12-29 23:14:48', 34, 1),
('2022-12-29 23:14:48', '2022-12-29 23:14:48', 34, 7),
('2022-12-29 23:14:48', '2022-12-29 23:14:48', 34, 11),
('2022-12-29 23:14:48', '2022-12-29 23:14:48', 35, 2),
('2022-12-29 23:14:48', '2022-12-29 23:14:48', 35, 5),
('2022-12-29 23:14:48', '2022-12-29 23:14:48', 35, 6),
('2022-12-29 23:14:48', '2022-12-29 23:14:48', 36, 8),
('2022-12-29 23:14:48', '2022-12-29 23:14:48', 36, 9),
('2022-12-29 23:14:48', '2022-12-29 23:14:48', 36, 10),
('2022-12-29 23:14:48', '2022-12-29 23:14:48', 37, 2),
('2022-12-29 23:14:48', '2022-12-29 23:14:48', 37, 10),
('2022-12-29 23:14:48', '2022-12-29 23:14:48', 37, 14),
('2022-12-29 23:14:48', '2022-12-29 23:14:48', 37, 17),
('2022-12-29 23:14:48', '2022-12-29 23:14:48', 38, 1),
('2022-12-29 23:14:48', '2022-12-29 23:14:48', 38, 6),
('2022-12-29 23:14:48', '2022-12-29 23:14:48', 38, 7),
('2022-12-29 23:14:48', '2022-12-29 23:14:48', 38, 10),
('2022-12-29 23:14:48', '2022-12-29 23:14:48', 39, 1),
('2022-12-29 23:14:48', '2022-12-29 23:14:48', 39, 11),
('2022-12-29 23:14:48', '2022-12-29 23:14:48', 39, 14),
('2022-12-29 23:14:48', '2022-12-29 23:14:48', 39, 15),
('2022-12-29 23:14:48', '2022-12-29 23:14:48', 40, 7),
('2022-12-29 23:14:48', '2022-12-29 23:14:48', 40, 10),
('2022-12-29 23:14:48', '2022-12-29 23:14:48', 40, 17),
('2022-12-29 23:14:48', '2022-12-29 23:14:48', 41, 2),
('2022-12-29 23:14:48', '2022-12-29 23:14:48', 41, 8),
('2022-12-29 23:14:48', '2022-12-29 23:14:48', 41, 12),
('2022-12-29 23:14:48', '2022-12-29 23:14:48', 42, 2),
('2022-12-29 23:14:48', '2022-12-29 23:14:48', 42, 4),
('2022-12-29 23:14:48', '2022-12-29 23:14:48', 42, 12),
('2022-12-29 23:14:48', '2022-12-29 23:14:48', 42, 17),
('2022-12-29 23:14:48', '2022-12-29 23:14:48', 43, 1),
('2022-12-29 23:14:48', '2022-12-29 23:14:48', 43, 7),
('2022-12-29 23:14:48', '2022-12-29 23:14:48', 43, 8),
('2022-12-29 23:14:48', '2022-12-29 23:14:48', 43, 13),
('2022-12-29 23:14:48', '2022-12-29 23:14:48', 44, 4),
('2022-12-29 23:14:48', '2022-12-29 23:14:48', 44, 14),
('2022-12-29 23:14:48', '2022-12-29 23:14:48', 44, 15),
('2022-12-29 23:14:48', '2022-12-29 23:14:48', 44, 17),
('2022-12-29 23:14:48', '2022-12-29 23:14:48', 45, 3),
('2022-12-29 23:14:48', '2022-12-29 23:14:48', 45, 14),
('2022-12-29 23:14:48', '2022-12-29 23:14:48', 45, 17),
('2022-12-29 23:14:48', '2022-12-29 23:14:48', 46, 4),
('2022-12-29 23:14:48', '2022-12-29 23:14:48', 46, 10),
('2022-12-29 23:14:48', '2022-12-29 23:14:48', 46, 15),
('2022-12-29 23:14:48', '2022-12-29 23:14:48', 47, 6),
('2022-12-29 23:14:48', '2022-12-29 23:14:48', 47, 7),
('2022-12-29 23:14:48', '2022-12-29 23:14:48', 47, 8),
('2022-12-29 23:14:48', '2022-12-29 23:14:48', 47, 12),
('2022-12-29 23:14:48', '2022-12-29 23:14:48', 48, 5),
('2022-12-29 23:14:48', '2022-12-29 23:14:48', 48, 7),
('2022-12-29 23:14:48', '2022-12-29 23:14:48', 48, 8),
('2022-12-29 23:14:48', '2022-12-29 23:14:48', 48, 10),
('2022-12-29 23:14:48', '2022-12-29 23:14:48', 49, 2),
('2022-12-29 23:14:48', '2022-12-29 23:14:48', 49, 9),
('2022-12-29 23:14:48', '2022-12-29 23:14:48', 49, 17),
('2022-12-29 23:14:48', '2022-12-29 23:14:48', 50, 1),
('2022-12-29 23:14:48', '2022-12-29 23:14:48', 50, 7),
('2022-12-29 23:14:48', '2022-12-29 23:14:48', 50, 13),
('2022-12-29 23:14:48', '2022-12-29 23:14:48', 50, 17),
('2022-12-29 23:14:48', '2022-12-29 23:14:48', 51, 4),
('2022-12-29 23:14:48', '2022-12-29 23:14:48', 51, 5),
('2022-12-29 23:14:48', '2022-12-29 23:14:48', 51, 7),
('2022-12-29 23:14:48', '2022-12-29 23:14:48', 51, 11),
('2022-12-29 23:14:48', '2022-12-29 23:14:48', 52, 5),
('2022-12-29 23:14:48', '2022-12-29 23:14:48', 52, 7),
('2022-12-29 23:14:48', '2022-12-29 23:14:48', 52, 9),
('2022-12-29 23:14:48', '2022-12-29 23:14:48', 52, 13),
('2022-12-29 23:14:48', '2022-12-29 23:14:48', 53, 4),
('2022-12-29 23:14:48', '2022-12-29 23:14:48', 53, 5),
('2022-12-29 23:14:48', '2022-12-29 23:14:48', 53, 15),
('2022-12-29 23:14:48', '2022-12-29 23:14:48', 54, 5),
('2022-12-29 23:14:48', '2022-12-29 23:14:48', 54, 6),
('2022-12-29 23:14:48', '2022-12-29 23:14:48', 54, 8),
('2022-12-29 23:14:48', '2022-12-29 23:14:48', 54, 9),
('2022-12-29 23:14:48', '2022-12-29 23:14:48', 55, 4),
('2022-12-29 23:14:48', '2022-12-29 23:14:48', 55, 6),
('2022-12-29 23:14:48', '2022-12-29 23:14:48', 55, 13),
('2022-12-29 23:14:48', '2022-12-29 23:14:48', 56, 1),
('2022-12-29 23:14:48', '2022-12-29 23:14:48', 56, 4),
('2022-12-29 23:14:48', '2022-12-29 23:14:48', 56, 5),
('2022-12-29 23:14:48', '2022-12-29 23:14:48', 56, 8),
('2022-12-29 23:14:48', '2022-12-29 23:14:48', 57, 4),
('2022-12-29 23:14:48', '2022-12-29 23:14:48', 57, 10),
('2022-12-29 23:14:48', '2022-12-29 23:14:48', 57, 17),
('2022-12-29 23:14:48', '2022-12-29 23:14:48', 58, 5),
('2022-12-29 23:14:48', '2022-12-29 23:14:48', 58, 9),
('2022-12-29 23:14:48', '2022-12-29 23:14:48', 58, 13),
('2022-12-29 23:14:48', '2022-12-29 23:14:48', 58, 17),
('2022-12-29 23:14:48', '2022-12-29 23:14:48', 59, 1),
('2022-12-29 23:14:48', '2022-12-29 23:14:48', 59, 4),
('2022-12-29 23:14:48', '2022-12-29 23:14:48', 59, 9),
('2022-12-29 23:14:48', '2022-12-29 23:14:48', 59, 14),
('2022-12-29 23:14:48', '2022-12-29 23:14:48', 60, 8),
('2022-12-29 23:14:48', '2022-12-29 23:14:48', 60, 17),
('2022-12-29 23:14:48', '2022-12-29 23:14:48', 61, 3),
('2022-12-29 23:14:48', '2022-12-29 23:14:48', 61, 7),
('2022-12-29 23:14:48', '2022-12-29 23:14:48', 61, 11),
('2022-12-29 23:14:48', '2022-12-29 23:14:48', 61, 14),
('2022-12-29 23:14:48', '2022-12-29 23:14:48', 62, 1),
('2022-12-29 23:14:48', '2022-12-29 23:14:48', 62, 7),
('2022-12-29 23:14:48', '2022-12-29 23:14:48', 62, 10),
('2022-12-29 23:14:48', '2022-12-29 23:14:48', 62, 11),
('2022-12-29 23:14:48', '2022-12-29 23:14:48', 63, 3),
('2022-12-29 23:14:48', '2022-12-29 23:14:48', 63, 9),
('2022-12-29 23:14:48', '2022-12-29 23:14:48', 63, 13),
('2022-12-29 23:14:48', '2022-12-29 23:14:48', 63, 14),
('2022-12-29 23:14:48', '2022-12-29 23:14:48', 64, 6),
('2022-12-29 23:14:48', '2022-12-29 23:14:48', 64, 8),
('2022-12-29 23:14:48', '2022-12-29 23:14:48', 64, 14),
('2022-12-29 23:14:48', '2022-12-29 23:14:48', 64, 17),
('2022-12-29 23:14:48', '2022-12-29 23:14:48', 65, 13),
('2022-12-29 23:14:48', '2022-12-29 23:14:48', 65, 14),
('2022-12-29 23:14:48', '2022-12-29 23:14:48', 65, 17),
('2022-12-29 23:14:48', '2022-12-29 23:14:48', 66, 1),
('2022-12-29 23:14:48', '2022-12-29 23:14:48', 66, 4),
('2022-12-29 23:14:48', '2022-12-29 23:14:48', 66, 6),
('2022-12-29 23:14:48', '2022-12-29 23:14:48', 66, 13),
('2022-12-29 23:14:48', '2022-12-29 23:14:48', 67, 1),
('2022-12-29 23:14:48', '2022-12-29 23:14:48', 67, 2),
('2022-12-29 23:14:48', '2022-12-29 23:14:48', 67, 9),
('2022-12-29 23:14:48', '2022-12-29 23:14:48', 67, 17),
('2022-12-29 23:14:48', '2022-12-29 23:14:48', 68, 4),
('2022-12-29 23:14:48', '2022-12-29 23:14:48', 68, 8),
('2022-12-29 23:14:48', '2022-12-29 23:14:48', 68, 9),
('2022-12-29 23:14:48', '2022-12-29 23:14:48', 68, 12),
('2022-12-29 23:14:48', '2022-12-29 23:14:48', 69, 9),
('2022-12-29 23:14:48', '2022-12-29 23:14:48', 69, 11),
('2022-12-29 23:14:48', '2022-12-29 23:14:48', 69, 15),
('2022-12-29 23:14:48', '2022-12-29 23:14:48', 69, 17),
('2022-12-29 23:14:48', '2022-12-29 23:14:48', 70, 4),
('2022-12-29 23:14:48', '2022-12-29 23:14:48', 70, 10),
('2022-12-29 23:14:48', '2022-12-29 23:14:48', 70, 11),
('2022-12-29 23:14:48', '2022-12-29 23:14:48', 70, 13),
('2022-12-29 23:14:48', '2022-12-29 23:14:48', 71, 4),
('2022-12-29 23:14:48', '2022-12-29 23:14:48', 71, 6),
('2022-12-29 23:14:48', '2022-12-29 23:14:48', 71, 7),
('2022-12-29 23:14:48', '2022-12-29 23:14:48', 71, 11),
('2022-12-29 23:14:48', '2022-12-29 23:14:48', 72, 10),
('2022-12-29 23:14:48', '2022-12-29 23:14:48', 72, 11),
('2022-12-29 23:14:48', '2022-12-29 23:14:48', 72, 12),
('2022-12-29 23:14:48', '2022-12-29 23:14:48', 72, 14),
('2022-12-29 23:14:48', '2022-12-29 23:14:48', 73, 1),
('2022-12-29 23:14:48', '2022-12-29 23:14:48', 73, 2),
('2022-12-29 23:14:48', '2022-12-29 23:14:48', 73, 9),
('2022-12-29 23:14:48', '2022-12-29 23:14:48', 73, 11),
('2022-12-29 23:14:48', '2022-12-29 23:14:48', 74, 2),
('2022-12-29 23:14:48', '2022-12-29 23:14:48', 74, 6),
('2022-12-29 23:14:48', '2022-12-29 23:14:48', 74, 10),
('2022-12-29 23:14:48', '2022-12-29 23:14:48', 74, 12),
('2022-12-29 23:14:48', '2022-12-29 23:14:48', 75, 2),
('2022-12-29 23:14:48', '2022-12-29 23:14:48', 75, 4),
('2022-12-29 23:14:48', '2022-12-29 23:14:48', 75, 5),
('2022-12-29 23:14:48', '2022-12-29 23:14:48', 75, 12),
('2022-12-29 23:14:48', '2022-12-29 23:14:48', 76, 1),
('2022-12-29 23:14:48', '2022-12-29 23:14:48', 76, 7),
('2022-12-29 23:14:48', '2022-12-29 23:14:48', 76, 11),
('2022-12-29 23:14:48', '2022-12-29 23:14:48', 76, 13),
('2022-12-29 23:14:48', '2022-12-29 23:14:48', 77, 1),
('2022-12-29 23:14:48', '2022-12-29 23:14:48', 77, 3),
('2022-12-29 23:14:48', '2022-12-29 23:14:48', 77, 7),
('2022-12-29 23:14:48', '2022-12-29 23:14:48', 77, 14),
('2022-12-29 23:14:48', '2022-12-29 23:14:48', 78, 1),
('2022-12-29 23:14:48', '2022-12-29 23:14:48', 78, 3),
('2022-12-29 23:14:48', '2022-12-29 23:14:48', 78, 5),
('2022-12-29 23:14:48', '2022-12-29 23:14:48', 78, 7),
('2022-12-29 23:14:48', '2022-12-29 23:14:48', 79, 1),
('2022-12-29 23:14:48', '2022-12-29 23:14:48', 79, 4),
('2022-12-29 23:14:48', '2022-12-29 23:14:48', 79, 15),
('2022-12-29 23:14:48', '2022-12-29 23:14:48', 80, 7),
('2022-12-29 23:14:48', '2022-12-29 23:14:48', 80, 8),
('2022-12-29 23:14:48', '2022-12-29 23:14:48', 80, 10),
('2022-12-29 23:14:48', '2022-12-29 23:14:48', 80, 12),
('2022-12-29 23:14:48', '2022-12-29 23:14:48', 81, 3),
('2022-12-29 23:14:48', '2022-12-29 23:14:48', 81, 17),
('2022-12-29 23:14:48', '2022-12-29 23:14:48', 82, 3),
('2022-12-29 23:14:48', '2022-12-29 23:14:48', 82, 6),
('2022-12-29 23:14:48', '2022-12-29 23:14:48', 82, 11),
('2022-12-29 23:14:48', '2022-12-29 23:14:48', 82, 17),
('2022-12-29 23:14:48', '2022-12-29 23:14:48', 83, 2),
('2022-12-29 23:14:48', '2022-12-29 23:14:48', 83, 11),
('2022-12-29 23:14:48', '2022-12-29 23:14:48', 83, 15),
('2022-12-29 23:14:48', '2022-12-29 23:14:48', 83, 17),
('2022-12-29 23:14:48', '2022-12-29 23:14:48', 84, 3),
('2022-12-29 23:14:48', '2022-12-29 23:14:48', 84, 12),
('2022-12-29 23:14:48', '2022-12-29 23:14:48', 84, 13),
('2022-12-29 23:14:48', '2022-12-29 23:14:48', 85, 2),
('2022-12-29 23:14:48', '2022-12-29 23:14:48', 85, 11),
('2022-12-29 23:14:48', '2022-12-29 23:14:48', 85, 17),
('2022-12-29 23:14:48', '2022-12-29 23:14:48', 86, 1),
('2022-12-29 23:14:48', '2022-12-29 23:14:48', 86, 2),
('2022-12-29 23:14:48', '2022-12-29 23:14:48', 86, 5),
('2022-12-29 23:14:48', '2022-12-29 23:14:48', 86, 17),
('2022-12-29 23:14:48', '2022-12-29 23:14:48', 87, 6),
('2022-12-29 23:14:48', '2022-12-29 23:14:48', 87, 7),
('2022-12-29 23:14:48', '2022-12-29 23:14:48', 87, 9),
('2022-12-29 23:14:48', '2022-12-29 23:14:48', 87, 15),
('2022-12-29 23:14:48', '2022-12-29 23:14:48', 88, 7),
('2022-12-29 23:14:48', '2022-12-29 23:14:48', 88, 9),
('2022-12-29 23:14:48', '2022-12-29 23:14:48', 88, 12),
('2022-12-29 23:14:48', '2022-12-29 23:14:48', 88, 15),
('2022-12-29 23:14:48', '2022-12-29 23:14:48', 89, 1),
('2022-12-29 23:14:48', '2022-12-29 23:14:48', 89, 2),
('2022-12-29 23:14:48', '2022-12-29 23:14:48', 89, 12),
('2022-12-29 23:14:48', '2022-12-29 23:14:48', 89, 14),
('2022-12-29 23:14:48', '2022-12-29 23:14:48', 90, 7),
('2022-12-29 23:14:48', '2022-12-29 23:14:48', 90, 8),
('2022-12-29 23:14:48', '2022-12-29 23:14:48', 90, 11),
('2022-12-29 23:14:48', '2022-12-29 23:14:48', 90, 13),
('2022-12-29 23:14:48', '2022-12-29 23:14:48', 91, 3),
('2022-12-29 23:14:48', '2022-12-29 23:14:48', 91, 8),
('2022-12-29 23:14:48', '2022-12-29 23:14:48', 91, 12),
('2022-12-29 23:14:48', '2022-12-29 23:14:48', 92, 2),
('2022-12-29 23:14:48', '2022-12-29 23:14:48', 92, 4),
('2022-12-29 23:14:48', '2022-12-29 23:14:48', 92, 7),
('2022-12-29 23:14:48', '2022-12-29 23:14:48', 92, 11),
('2022-12-29 23:14:48', '2022-12-29 23:14:48', 93, 5),
('2022-12-29 23:14:48', '2022-12-29 23:14:48', 93, 6),
('2022-12-29 23:14:48', '2022-12-29 23:14:48', 93, 11),
('2022-12-29 23:14:48', '2022-12-29 23:14:48', 94, 2),
('2022-12-29 23:14:48', '2022-12-29 23:14:48', 94, 4),
('2022-12-29 23:14:48', '2022-12-29 23:14:48', 94, 9),
('2022-12-29 23:14:48', '2022-12-29 23:14:48', 94, 11),
('2022-12-29 23:14:48', '2022-12-29 23:14:48', 95, 9),
('2022-12-29 23:14:49', '2022-12-29 23:14:49', 95, 12),
('2022-12-29 23:14:49', '2022-12-29 23:14:49', 95, 17),
('2022-12-29 23:14:49', '2022-12-29 23:14:49', 96, 3),
('2022-12-29 23:14:49', '2022-12-29 23:14:49', 96, 11),
('2022-12-29 23:14:49', '2022-12-29 23:14:49', 96, 12),
('2022-12-29 23:14:49', '2022-12-29 23:14:49', 96, 17),
('2022-12-29 23:14:49', '2022-12-29 23:14:49', 97, 5),
('2022-12-29 23:14:49', '2022-12-29 23:14:49', 97, 7),
('2022-12-29 23:14:49', '2022-12-29 23:14:49', 97, 14),
('2022-12-29 23:14:49', '2022-12-29 23:14:49', 97, 17),
('2022-12-29 23:14:49', '2022-12-29 23:14:49', 98, 2),
('2022-12-29 23:14:49', '2022-12-29 23:14:49', 98, 5),
('2022-12-29 23:14:49', '2022-12-29 23:14:49', 98, 6),
('2022-12-29 23:14:49', '2022-12-29 23:14:49', 99, 4),
('2022-12-29 23:14:49', '2022-12-29 23:14:49', 99, 9),
('2022-12-29 23:14:49', '2022-12-29 23:14:49', 99, 10),
('2022-12-29 23:14:49', '2022-12-29 23:14:49', 99, 14),
('2022-12-29 23:14:49', '2022-12-29 23:14:49', 100, 2),
('2022-12-29 23:14:49', '2022-12-29 23:14:49', 100, 4),
('2022-12-29 23:14:49', '2022-12-29 23:14:49', 100, 12),
('2022-12-29 23:17:24', '2022-12-29 23:17:24', 101, 19),
('2022-12-29 23:17:24', '2022-12-29 23:17:24', 101, 20),
('2022-12-29 23:17:24', '2022-12-29 23:17:24', 101, 21),
('2022-12-29 23:17:57', '2022-12-29 23:17:57', 102, 20),
('2022-12-29 23:17:57', '2022-12-29 23:17:57', 102, 22),
('2022-12-29 23:17:57', '2022-12-29 23:17:57', 102, 23),
('2022-12-29 23:18:29', '2022-12-29 23:18:29', 103, 22),
('2022-12-29 23:18:29', '2022-12-29 23:18:29', 103, 23),
('2022-12-29 23:18:29', '2022-12-29 23:18:29', 103, 24),
('2022-12-29 23:18:58', '2022-12-29 23:18:58', 104, 20),
('2022-12-29 23:18:58', '2022-12-29 23:18:58', 104, 23),
('2022-12-29 23:18:58', '2022-12-29 23:18:58', 104, 25),
('2022-12-29 23:19:30', '2022-12-29 23:19:30', 105, 20),
('2022-12-29 23:19:30', '2022-12-29 23:19:30', 105, 23),
('2022-12-29 23:19:30', '2022-12-29 23:19:30', 105, 26),
('2022-12-29 23:20:06', '2022-12-29 23:20:06', 106, 23),
('2022-12-29 23:20:06', '2022-12-29 23:20:06', 106, 27),
('2022-12-29 23:20:42', '2022-12-29 23:20:42', 107, 28),
('2022-12-29 23:20:42', '2022-12-29 23:20:42', 107, 29),
('2022-12-29 23:21:16', '2022-12-29 23:21:16', 108, 29),
('2022-12-29 23:21:16', '2022-12-29 23:21:16', 108, 30),
('2022-12-29 23:22:03', '2022-12-29 23:22:03', 109, 29),
('2022-12-29 23:22:03', '2022-12-29 23:22:03', 109, 31),
('2022-12-29 23:22:03', '2022-12-29 23:22:03', 109, 32),
('2022-12-29 23:22:40', '2022-12-29 23:22:40', 110, 33),
('2022-12-29 23:22:40', '2022-12-29 23:22:40', 110, 34),
('2022-12-29 23:22:40', '2022-12-29 23:22:40', 110, 35),
('2022-12-29 23:22:40', '2022-12-29 23:22:40', 110, 36),
('2022-12-29 23:23:23', '2022-12-29 23:23:23', 111, 33),
('2022-12-29 23:23:23', '2022-12-29 23:23:23', 111, 37),
('2022-12-29 23:23:23', '2022-12-29 23:23:23', 111, 38);

-- --------------------------------------------------------

--
-- Structure de la table `tips`
--

CREATE TABLE `tips` (
  `id` int(11) NOT NULL,
  `title` varchar(70) NOT NULL,
  `picture` varchar(100) NOT NULL,
  `astuce` text NOT NULL,
  `isValidate` tinyint(1) NOT NULL DEFAULT 0,
  `createdAt` datetime NOT NULL,
  `updatedAt` datetime NOT NULL,
  `UserId` int(11) DEFAULT NULL,
  `ObtentionId` int(11) DEFAULT NULL,
  `RareteId` int(11) DEFAULT NULL,
  `TypeId` int(11) DEFAULT NULL
) ENGINE=InnoDB DEFAULT CHARSET=utf8;

--
-- Déchargement des données de la table `tips`
--

INSERT INTO `tips` (`id`, `title`, `picture`, `astuce`, `isValidate`, `createdAt`, `updatedAt`, `UserId`, `ObtentionId`, `RareteId`, `TypeId`) VALUES
(1, 'Kid, The', 'https://picsum.photos/800/400', 'Maecenas tristique, est et tempus semper, est quam pharetra magna, ac consequat metus sapien ut nunc. Vestibulum ante ipsum primis in faucibus orci luctus et ultrices posuere cubilia Curae; Mauris viverra diam vitae quam. Suspendisse potenti.\n\nNullam porttitor lacus at turpis. Donec posuere metus vitae ipsum. Aliquam non mauris.\n\nMorbi non lectus. Aliquam sit amet diam in magna bibendum imperdiet. Nullam orci pede, venenatis non, sodales sed, tincidunt eu, felis.\n\nFusce posuere felis sed lacus. Morbi sem mauris, laoreet ut, rhoncus aliquet, pulvinar sed, nisl. Nunc rhoncus dui vel sem.', 0, '2022-12-29 23:14:47', '2022-12-29 23:14:47', 3, 1, 1, 5),
(2, 'Littlerock', 'https://picsum.photos/800/400', 'Cum sociis natoque penatibus et magnis dis parturient montes, nascetur ridiculus mus. Vivamus vestibulum sagittis sapien. Cum sociis natoque penatibus et magnis dis parturient montes, nascetur ridiculus mus.\n\nEtiam vel augue. Vestibulum rutrum rutrum neque. Aenean auctor gravida sem.\n\nPraesent id massa id nisl venenatis lacinia. Aenean sit amet justo. Morbi ut odio.\n\nCras mi pede, malesuada in, imperdiet et, commodo vulputate, justo. In blandit ultrices enim. Lorem ipsum dolor sit amet, consectetuer adipiscing elit.\n\nProin interdum mauris non ligula pellentesque ultrices. Phasellus id sapien in sapien iaculis congue. Vivamus metus arcu, adipiscing molestie, hendrerit at, vulputate vitae, nisl.', 0, '2022-12-29 23:14:47', '2022-12-29 23:14:47', 4, 1, 1, 4),
(3, 'Situation, The', 'https://picsum.photos/800/400', 'Proin leo odio, porttitor id, consequat in, consequat ut, nulla. Sed accumsan felis. Ut at dolor quis odio consequat varius.\n\nInteger ac leo. Pellentesque ultrices mattis odio. Donec vitae nisi.', 0, '2022-12-29 23:14:47', '2022-12-29 23:14:47', 5, 1, 1, 4),
(4, 'Face', 'https://picsum.photos/800/400', 'Integer tincidunt ante vel ipsum. Praesent blandit lacinia erat. Vestibulum sed magna at nunc commodo placerat.\n\nPraesent blandit. Nam nulla. Integer pede justo, lacinia eget, tincidunt eget, tempus vel, pede.\n\nMorbi porttitor lorem id ligula. Suspendisse ornare consequat lectus. In est risus, auctor sed, tristique in, tempus sit amet, sem.\n\nFusce consequat. Nulla nisl. Nunc nisl.\n\nDuis bibendum, felis sed interdum venenatis, turpis enim blandit mi, in porttitor pede justo eu massa. Donec dapibus. Duis at velit eu est congue elementum.', 0, '2022-12-29 23:14:47', '2022-12-29 23:14:47', 6, 1, 1, 5),
(5, 'Golem', 'https://picsum.photos/800/400', 'Vestibulum ac est lacinia nisi venenatis tristique. Fusce congue, diam id ornare imperdiet, sapien urna pretium nisl, ut volutpat sapien arcu sed augue. Aliquam erat volutpat.\n\nIn congue. Etiam justo. Etiam pretium iaculis justo.', 0, '2022-12-29 23:14:47', '2022-12-29 23:14:47', 7, 1, 1, 1),
(6, 'Rose Red', 'https://picsum.photos/800/400', 'In quis justo. Maecenas rhoncus aliquam lacus. Morbi quis tortor id nulla ultrices aliquet.\n\nMaecenas leo odio, condimentum id, luctus nec, molestie sed, justo. Pellentesque viverra pede ac diam. Cras pellentesque volutpat dui.\n\nMaecenas tristique, est et tempus semper, est quam pharetra magna, ac consequat metus sapien ut nunc. Vestibulum ante ipsum primis in faucibus orci luctus et ultrices posuere cubilia Curae; Mauris viverra diam vitae quam. Suspendisse potenti.\n\nNullam porttitor lacus at turpis. Donec posuere metus vitae ipsum. Aliquam non mauris.', 0, '2022-12-29 23:14:47', '2022-12-29 23:14:47', 8, 1, 1, 2),
(7, 'Philadelphia Story, The', 'https://picsum.photos/800/400', 'Suspendisse potenti. In eleifend quam a odio. In hac habitasse platea dictumst.\n\nMaecenas ut massa quis augue luctus tincidunt. Nulla mollis molestie lorem. Quisque ut erat.', 0, '2022-12-29 23:14:47', '2022-12-29 23:14:47', 9, 1, 2, 2),
(8, 'Macbeth (a.k.a. Tragedy of Macbeth, The)', 'https://picsum.photos/800/400', 'In congue. Etiam justo. Etiam pretium iaculis justo.\n\nIn hac habitasse platea dictumst. Etiam faucibus cursus urna. Ut tellus.', 0, '2022-12-29 23:14:47', '2022-12-29 23:14:47', 10, 1, 3, 2),
(9, 'Electrick Children', 'https://picsum.photos/800/400', 'Aliquam quis turpis eget elit sodales scelerisque. Mauris sit amet eros. Suspendisse accumsan tortor quis turpis.\n\nSed ante. Vivamus tortor. Duis mattis egestas metus.\n\nAenean fermentum. Donec ut mauris eget massa tempor convallis. Nulla neque libero, convallis eget, eleifend luctus, ultricies eu, nibh.', 0, '2022-12-29 23:14:47', '2022-12-29 23:14:47', 11, 1, 2, 6),
(10, 'Audition (Konkurs)', 'https://picsum.photos/800/400', 'Cras non velit nec nisi vulputate nonummy. Maecenas tincidunt lacus at velit. Vivamus vel nulla eget eros elementum pellentesque.\n\nQuisque porta volutpat erat. Quisque erat eros, viverra eget, congue eget, semper rutrum, nulla. Nunc purus.\n\nPhasellus in felis. Donec semper sapien a libero. Nam dui.\n\nProin leo odio, porttitor id, consequat in, consequat ut, nulla. Sed accumsan felis. Ut at dolor quis odio consequat varius.', 0, '2022-12-29 23:14:47', '2022-12-29 23:14:47', 12, 1, 3, 2),
(11, 'Better Than Sex', 'https://picsum.photos/800/400', 'Morbi porttitor lorem id ligula. Suspendisse ornare consequat lectus. In est risus, auctor sed, tristique in, tempus sit amet, sem.\n\nFusce consequat. Nulla nisl. Nunc nisl.', 0, '2022-12-29 23:14:47', '2022-12-29 23:14:47', 13, 1, 1, 4),
(12, 'Master of the House (Du skal ære din hustru) (Thou Shalt Honour Thy Wi', 'https://picsum.photos/800/400', 'Duis bibendum, felis sed interdum venenatis, turpis enim blandit mi, in porttitor pede justo eu massa. Donec dapibus. Duis at velit eu est congue elementum.\n\nIn hac habitasse platea dictumst. Morbi vestibulum, velit id pretium iaculis, diam erat fermentum justo, nec condimentum neque sapien placerat ante. Nulla justo.\n\nAliquam quis turpis eget elit sodales scelerisque. Mauris sit amet eros. Suspendisse accumsan tortor quis turpis.\n\nSed ante. Vivamus tortor. Duis mattis egestas metus.\n\nAenean fermentum. Donec ut mauris eget massa tempor convallis. Nulla neque libero, convallis eget, eleifend luctus, ultricies eu, nibh.', 0, '2022-12-29 23:14:47', '2022-12-29 23:14:47', 14, 1, 2, 3),
(13, 'Extraordinary Stories (Historias extraordinarias)', 'https://picsum.photos/800/400', 'Proin leo odio, porttitor id, consequat in, consequat ut, nulla. Sed accumsan felis. Ut at dolor quis odio consequat varius.\n\nInteger ac leo. Pellentesque ultrices mattis odio. Donec vitae nisi.\n\nNam ultrices, libero non mattis pulvinar, nulla pede ullamcorper augue, a suscipit nulla elit ac nulla. Sed vel enim sit amet nunc viverra dapibus. Nulla suscipit ligula in lacus.\n\nCurabitur at ipsum ac tellus semper interdum. Mauris ullamcorper purus sit amet nulla. Quisque arcu libero, rutrum ac, lobortis vel, dapibus at, diam.', 0, '2022-12-29 23:14:47', '2022-12-29 23:14:47', 15, 1, 2, 6),
(14, 'National Theatre Live: Frankenstein', 'https://picsum.photos/800/400', 'Quisque id justo sit amet sapien dignissim vestibulum. Vestibulum ante ipsum primis in faucibus orci luctus et ultrices posuere cubilia Curae; Nulla dapibus dolor vel est. Donec odio justo, sollicitudin ut, suscipit a, feugiat et, eros.\n\nVestibulum ac est lacinia nisi venenatis tristique. Fusce congue, diam id ornare imperdiet, sapien urna pretium nisl, ut volutpat sapien arcu sed augue. Aliquam erat volutpat.\n\nIn congue. Etiam justo. Etiam pretium iaculis justo.\n\nIn hac habitasse platea dictumst. Etiam faucibus cursus urna. Ut tellus.\n\nNulla ut erat id mauris vulputate elementum. Nullam varius. Nulla facilisi.', 0, '2022-12-29 23:14:47', '2022-12-29 23:14:47', 16, 1, 1, 6),
(15, 'Triangle (Tie saam gok)', 'https://picsum.photos/800/400', 'In hac habitasse platea dictumst. Etiam faucibus cursus urna. Ut tellus.\n\nNulla ut erat id mauris vulputate elementum. Nullam varius. Nulla facilisi.\n\nCras non velit nec nisi vulputate nonummy. Maecenas tincidunt lacus at velit. Vivamus vel nulla eget eros elementum pellentesque.\n\nQuisque porta volutpat erat. Quisque erat eros, viverra eget, congue eget, semper rutrum, nulla. Nunc purus.', 0, '2022-12-29 23:14:47', '2022-12-29 23:14:47', 17, 1, 2, 5),
(16, 'Freshman, The', 'https://picsum.photos/800/400', 'Curabitur gravida nisi at nibh. In hac habitasse platea dictumst. Aliquam augue quam, sollicitudin vitae, consectetuer eget, rutrum at, lorem.\n\nInteger tincidunt ante vel ipsum. Praesent blandit lacinia erat. Vestibulum sed magna at nunc commodo placerat.\n\nPraesent blandit. Nam nulla. Integer pede justo, lacinia eget, tincidunt eget, tempus vel, pede.\n\nMorbi porttitor lorem id ligula. Suspendisse ornare consequat lectus. In est risus, auctor sed, tristique in, tempus sit amet, sem.', 0, '2022-12-29 23:14:47', '2022-12-29 23:14:47', 18, 1, 3, 5),
(17, 'Employment, The (Empleo, El)', 'https://picsum.photos/800/400', 'Pellentesque at nulla. Suspendisse potenti. Cras in purus eu magna vulputate luctus.\n\nCum sociis natoque penatibus et magnis dis parturient montes, nascetur ridiculus mus. Vivamus vestibulum sagittis sapien. Cum sociis natoque penatibus et magnis dis parturient montes, nascetur ridiculus mus.', 0, '2022-12-29 23:14:47', '2022-12-29 23:14:47', 19, 1, 2, 3),
(18, 'Raw Deal', 'https://picsum.photos/800/400', 'In quis justo. Maecenas rhoncus aliquam lacus. Morbi quis tortor id nulla ultrices aliquet.\n\nMaecenas leo odio, condimentum id, luctus nec, molestie sed, justo. Pellentesque viverra pede ac diam. Cras pellentesque volutpat dui.\n\nMaecenas tristique, est et tempus semper, est quam pharetra magna, ac consequat metus sapien ut nunc. Vestibulum ante ipsum primis in faucibus orci luctus et ultrices posuere cubilia Curae; Mauris viverra diam vitae quam. Suspendisse potenti.\n\nNullam porttitor lacus at turpis. Donec posuere metus vitae ipsum. Aliquam non mauris.', 0, '2022-12-29 23:14:47', '2022-12-29 23:14:47', 20, 1, 1, 2),
(19, '16 Years of Alcohol', 'https://picsum.photos/800/400', 'Quisque porta volutpat erat. Quisque erat eros, viverra eget, congue eget, semper rutrum, nulla. Nunc purus.\n\nPhasellus in felis. Donec semper sapien a libero. Nam dui.\n\nProin leo odio, porttitor id, consequat in, consequat ut, nulla. Sed accumsan felis. Ut at dolor quis odio consequat varius.\n\nInteger ac leo. Pellentesque ultrices mattis odio. Donec vitae nisi.\n\nNam ultrices, libero non mattis pulvinar, nulla pede ullamcorper augue, a suscipit nulla elit ac nulla. Sed vel enim sit amet nunc viverra dapibus. Nulla suscipit ligula in lacus.', 0, '2022-12-29 23:14:47', '2022-12-29 23:14:47', 21, 1, 1, 3),
(20, 'Journey to the Beginning of Time', 'https://picsum.photos/800/400', 'Lorem ipsum dolor sit amet, consectetuer adipiscing elit. Proin risus. Praesent lectus.\n\nVestibulum quam sapien, varius ut, blandit non, interdum in, ante. Vestibulum ante ipsum primis in faucibus orci luctus et ultrices posuere cubilia Curae; Duis faucibus accumsan odio. Curabitur convallis.', 0, '2022-12-29 23:14:47', '2022-12-29 23:14:47', 22, 1, 1, 5),
(21, 'Dear John', 'https://picsum.photos/800/400', 'Duis bibendum. Morbi non quam nec dui luctus rutrum. Nulla tellus.\n\nIn sagittis dui vel nisl. Duis ac nibh. Fusce lacus purus, aliquet at, feugiat non, pretium quis, lectus.\n\nSuspendisse potenti. In eleifend quam a odio. In hac habitasse platea dictumst.\n\nMaecenas ut massa quis augue luctus tincidunt. Nulla mollis molestie lorem. Quisque ut erat.', 0, '2022-12-29 23:14:47', '2022-12-29 23:14:47', 23, 1, 2, 4),
(22, 'Big Daddy', 'https://picsum.photos/800/400', 'Phasellus in felis. Donec semper sapien a libero. Nam dui.\n\nProin leo odio, porttitor id, consequat in, consequat ut, nulla. Sed accumsan felis. Ut at dolor quis odio consequat varius.\n\nInteger ac leo. Pellentesque ultrices mattis odio. Donec vitae nisi.\n\nNam ultrices, libero non mattis pulvinar, nulla pede ullamcorper augue, a suscipit nulla elit ac nulla. Sed vel enim sit amet nunc viverra dapibus. Nulla suscipit ligula in lacus.', 0, '2022-12-29 23:14:47', '2022-12-29 23:14:47', 24, 1, 1, 6),
(23, 'Ghosts of Mississippi', 'https://picsum.photos/800/400', 'Morbi non lectus. Aliquam sit amet diam in magna bibendum imperdiet. Nullam orci pede, venenatis non, sodales sed, tincidunt eu, felis.\n\nFusce posuere felis sed lacus. Morbi sem mauris, laoreet ut, rhoncus aliquet, pulvinar sed, nisl. Nunc rhoncus dui vel sem.', 0, '2022-12-29 23:14:47', '2022-12-29 23:14:47', 25, 1, 2, 2),
(24, 'Mamma Mia!', 'https://picsum.photos/800/400', 'Quisque porta volutpat erat. Quisque erat eros, viverra eget, congue eget, semper rutrum, nulla. Nunc purus.\n\nPhasellus in felis. Donec semper sapien a libero. Nam dui.\n\nProin leo odio, porttitor id, consequat in, consequat ut, nulla. Sed accumsan felis. Ut at dolor quis odio consequat varius.\n\nInteger ac leo. Pellentesque ultrices mattis odio. Donec vitae nisi.\n\nNam ultrices, libero non mattis pulvinar, nulla pede ullamcorper augue, a suscipit nulla elit ac nulla. Sed vel enim sit amet nunc viverra dapibus. Nulla suscipit ligula in lacus.', 0, '2022-12-29 23:14:47', '2022-12-29 23:14:47', 26, 1, 3, 6),
(25, 'The Lone Ranger', 'https://picsum.photos/800/400', 'Phasellus in felis. Donec semper sapien a libero. Nam dui.\n\nProin leo odio, porttitor id, consequat in, consequat ut, nulla. Sed accumsan felis. Ut at dolor quis odio consequat varius.\n\nInteger ac leo. Pellentesque ultrices mattis odio. Donec vitae nisi.', 0, '2022-12-29 23:14:47', '2022-12-29 23:14:47', 27, 1, 3, 1),
(26, 'Naked', 'https://picsum.photos/800/400', 'Fusce consequat. Nulla nisl. Nunc nisl.\n\nDuis bibendum, felis sed interdum venenatis, turpis enim blandit mi, in porttitor pede justo eu massa. Donec dapibus. Duis at velit eu est congue elementum.\n\nIn hac habitasse platea dictumst. Morbi vestibulum, velit id pretium iaculis, diam erat fermentum justo, nec condimentum neque sapien placerat ante. Nulla justo.\n\nAliquam quis turpis eget elit sodales scelerisque. Mauris sit amet eros. Suspendisse accumsan tortor quis turpis.\n\nSed ante. Vivamus tortor. Duis mattis egestas metus.', 0, '2022-12-29 23:14:47', '2022-12-29 23:14:47', 28, 1, 2, 3),
(27, 'Dragon (Wu Xia)', 'https://picsum.photos/800/400', 'Fusce posuere felis sed lacus. Morbi sem mauris, laoreet ut, rhoncus aliquet, pulvinar sed, nisl. Nunc rhoncus dui vel sem.\n\nSed sagittis. Nam congue, risus semper porta volutpat, quam pede lobortis ligula, sit amet eleifend pede libero quis orci. Nullam molestie nibh in lectus.', 0, '2022-12-29 23:14:47', '2022-12-29 23:14:47', 29, 1, 1, 1),
(28, 'Acts of Worship ', 'https://picsum.photos/800/400', 'Praesent blandit. Nam nulla. Integer pede justo, lacinia eget, tincidunt eget, tempus vel, pede.\n\nMorbi porttitor lorem id ligula. Suspendisse ornare consequat lectus. In est risus, auctor sed, tristique in, tempus sit amet, sem.\n\nFusce consequat. Nulla nisl. Nunc nisl.', 0, '2022-12-29 23:14:47', '2022-12-29 23:14:47', 30, 1, 3, 3),
(29, 'Ulysses\' Gaze (To Vlemma tou Odyssea)', 'https://picsum.photos/800/400', 'Aenean fermentum. Donec ut mauris eget massa tempor convallis. Nulla neque libero, convallis eget, eleifend luctus, ultricies eu, nibh.\n\nQuisque id justo sit amet sapien dignissim vestibulum. Vestibulum ante ipsum primis in faucibus orci luctus et ultrices posuere cubilia Curae; Nulla dapibus dolor vel est. Donec odio justo, sollicitudin ut, suscipit a, feugiat et, eros.\n\nVestibulum ac est lacinia nisi venenatis tristique. Fusce congue, diam id ornare imperdiet, sapien urna pretium nisl, ut volutpat sapien arcu sed augue. Aliquam erat volutpat.\n\nIn congue. Etiam justo. Etiam pretium iaculis justo.', 0, '2022-12-29 23:14:47', '2022-12-29 23:14:47', 31, 1, 3, 4),
(30, 'Endeavour', 'https://picsum.photos/800/400', 'Nullam porttitor lacus at turpis. Donec posuere metus vitae ipsum. Aliquam non mauris.\n\nMorbi non lectus. Aliquam sit amet diam in magna bibendum imperdiet. Nullam orci pede, venenatis non, sodales sed, tincidunt eu, felis.\n\nFusce posuere felis sed lacus. Morbi sem mauris, laoreet ut, rhoncus aliquet, pulvinar sed, nisl. Nunc rhoncus dui vel sem.', 0, '2022-12-29 23:14:47', '2022-12-29 23:14:47', 32, 1, 1, 4),
(31, 'Orderers (Les ordres)', 'https://picsum.photos/800/400', 'In congue. Etiam justo. Etiam pretium iaculis justo.\n\nIn hac habitasse platea dictumst. Etiam faucibus cursus urna. Ut tellus.\n\nNulla ut erat id mauris vulputate elementum. Nullam varius. Nulla facilisi.', 0, '2022-12-29 23:14:47', '2022-12-29 23:14:47', 33, 1, 2, 6),
(32, 'One in a Million: The Ron LeFlore Story', 'https://picsum.photos/800/400', 'Mauris enim leo, rhoncus sed, vestibulum sit amet, cursus id, turpis. Integer aliquet, massa id lobortis convallis, tortor risus dapibus augue, vel accumsan tellus nisi eu orci. Mauris lacinia sapien quis libero.\n\nNullam sit amet turpis elementum ligula vehicula consequat. Morbi a ipsum. Integer a nibh.\n\nIn quis justo. Maecenas rhoncus aliquam lacus. Morbi quis tortor id nulla ultrices aliquet.\n\nMaecenas leo odio, condimentum id, luctus nec, molestie sed, justo. Pellentesque viverra pede ac diam. Cras pellentesque volutpat dui.', 0, '2022-12-29 23:14:47', '2022-12-29 23:14:47', 34, 1, 1, 2),
(33, 'On the Road to Emmaus (Emmauksen tiellä)', 'https://picsum.photos/800/400', 'Maecenas leo odio, condimentum id, luctus nec, molestie sed, justo. Pellentesque viverra pede ac diam. Cras pellentesque volutpat dui.\n\nMaecenas tristique, est et tempus semper, est quam pharetra magna, ac consequat metus sapien ut nunc. Vestibulum ante ipsum primis in faucibus orci luctus et ultrices posuere cubilia Curae; Mauris viverra diam vitae quam. Suspendisse potenti.', 0, '2022-12-29 23:14:47', '2022-12-29 23:14:47', 35, 1, 2, 1),
(34, 'Identity Thief', 'https://picsum.photos/800/400', 'Integer tincidunt ante vel ipsum. Praesent blandit lacinia erat. Vestibulum sed magna at nunc commodo placerat.\n\nPraesent blandit. Nam nulla. Integer pede justo, lacinia eget, tincidunt eget, tempus vel, pede.\n\nMorbi porttitor lorem id ligula. Suspendisse ornare consequat lectus. In est risus, auctor sed, tristique in, tempus sit amet, sem.', 0, '2022-12-29 23:14:47', '2022-12-29 23:14:47', 36, 1, 2, 6),
(35, 'Whole Ten Yards, The', 'https://picsum.photos/800/400', 'Nam ultrices, libero non mattis pulvinar, nulla pede ullamcorper augue, a suscipit nulla elit ac nulla. Sed vel enim sit amet nunc viverra dapibus. Nulla suscipit ligula in lacus.\n\nCurabitur at ipsum ac tellus semper interdum. Mauris ullamcorper purus sit amet nulla. Quisque arcu libero, rutrum ac, lobortis vel, dapibus at, diam.', 0, '2022-12-29 23:14:47', '2022-12-29 23:14:47', 37, 1, 1, 6),
(36, 'Wadjda', 'https://picsum.photos/800/400', 'Vestibulum ac est lacinia nisi venenatis tristique. Fusce congue, diam id ornare imperdiet, sapien urna pretium nisl, ut volutpat sapien arcu sed augue. Aliquam erat volutpat.\n\nIn congue. Etiam justo. Etiam pretium iaculis justo.\n\nIn hac habitasse platea dictumst. Etiam faucibus cursus urna. Ut tellus.\n\nNulla ut erat id mauris vulputate elementum. Nullam varius. Nulla facilisi.\n\nCras non velit nec nisi vulputate nonummy. Maecenas tincidunt lacus at velit. Vivamus vel nulla eget eros elementum pellentesque.', 0, '2022-12-29 23:14:47', '2022-12-29 23:14:47', 38, 1, 3, 1),
(37, 'Social Genocide (Memoria del saqueo)', 'https://picsum.photos/800/400', 'Phasellus sit amet erat. Nulla tempus. Vivamus in felis eu sapien cursus vestibulum.\n\nProin eu mi. Nulla ac enim. In tempor, turpis nec euismod scelerisque, quam turpis adipiscing lorem, vitae mattis nibh ligula nec sem.\n\nDuis aliquam convallis nunc. Proin at turpis a pede posuere nonummy. Integer non velit.\n\nDonec diam neque, vestibulum eget, vulputate ut, ultrices vel, augue. Vestibulum ante ipsum primis in faucibus orci luctus et ultrices posuere cubilia Curae; Donec pharetra, magna vestibulum aliquet ultrices, erat tortor sollicitudin mi, sit amet lobortis sapien sapien non mi. Integer ac neque.\n\nDuis bibendum. Morbi non quam nec dui luctus rutrum. Nulla tellus.', 0, '2022-12-29 23:14:47', '2022-12-29 23:14:47', 39, 1, 2, 1),
(38, 'Modesty Blaise', 'https://picsum.photos/800/400', 'Lorem ipsum dolor sit amet, consectetuer adipiscing elit. Proin risus. Praesent lectus.\n\nVestibulum quam sapien, varius ut, blandit non, interdum in, ante. Vestibulum ante ipsum primis in faucibus orci luctus et ultrices posuere cubilia Curae; Duis faucibus accumsan odio. Curabitur convallis.', 0, '2022-12-29 23:14:47', '2022-12-29 23:14:47', 40, 1, 3, 5),
(39, 'Comrades: Almost a Love Story (Tian mi mi)', 'https://picsum.photos/800/400', 'Fusce consequat. Nulla nisl. Nunc nisl.\n\nDuis bibendum, felis sed interdum venenatis, turpis enim blandit mi, in porttitor pede justo eu massa. Donec dapibus. Duis at velit eu est congue elementum.\n\nIn hac habitasse platea dictumst. Morbi vestibulum, velit id pretium iaculis, diam erat fermentum justo, nec condimentum neque sapien placerat ante. Nulla justo.\n\nAliquam quis turpis eget elit sodales scelerisque. Mauris sit amet eros. Suspendisse accumsan tortor quis turpis.\n\nSed ante. Vivamus tortor. Duis mattis egestas metus.', 0, '2022-12-29 23:14:47', '2022-12-29 23:14:47', 41, 1, 2, 1),
(40, 'Storytelling', 'https://picsum.photos/800/400', 'Mauris enim leo, rhoncus sed, vestibulum sit amet, cursus id, turpis. Integer aliquet, massa id lobortis convallis, tortor risus dapibus augue, vel accumsan tellus nisi eu orci. Mauris lacinia sapien quis libero.\n\nNullam sit amet turpis elementum ligula vehicula consequat. Morbi a ipsum. Integer a nibh.\n\nIn quis justo. Maecenas rhoncus aliquam lacus. Morbi quis tortor id nulla ultrices aliquet.\n\nMaecenas leo odio, condimentum id, luctus nec, molestie sed, justo. Pellentesque viverra pede ac diam. Cras pellentesque volutpat dui.\n\nMaecenas tristique, est et tempus semper, est quam pharetra magna, ac consequat metus sapien ut nunc. Vestibulum ante ipsum primis in faucibus orci luctus et ultrices posuere cubilia Curae; Mauris viverra diam vitae quam. Suspendisse potenti.', 0, '2022-12-29 23:14:47', '2022-12-29 23:14:47', 42, 1, 2, 5),
(41, 'Captain Mike Across America (Slacker Uprising)', 'https://picsum.photos/800/400', 'Curabitur gravida nisi at nibh. In hac habitasse platea dictumst. Aliquam augue quam, sollicitudin vitae, consectetuer eget, rutrum at, lorem.\n\nInteger tincidunt ante vel ipsum. Praesent blandit lacinia erat. Vestibulum sed magna at nunc commodo placerat.', 0, '2022-12-29 23:14:47', '2022-12-29 23:14:47', 43, 1, 3, 5),
(42, 'That Man from Rio', 'https://picsum.photos/800/400', 'Sed sagittis. Nam congue, risus semper porta volutpat, quam pede lobortis ligula, sit amet eleifend pede libero quis orci. Nullam molestie nibh in lectus.\n\nPellentesque at nulla. Suspendisse potenti. Cras in purus eu magna vulputate luctus.\n\nCum sociis natoque penatibus et magnis dis parturient montes, nascetur ridiculus mus. Vivamus vestibulum sagittis sapien. Cum sociis natoque penatibus et magnis dis parturient montes, nascetur ridiculus mus.', 0, '2022-12-29 23:14:47', '2022-12-29 23:14:47', 44, 1, 3, 1),
(43, 'Mary and Martha', 'https://picsum.photos/800/400', 'Praesent blandit. Nam nulla. Integer pede justo, lacinia eget, tincidunt eget, tempus vel, pede.\n\nMorbi porttitor lorem id ligula. Suspendisse ornare consequat lectus. In est risus, auctor sed, tristique in, tempus sit amet, sem.\n\nFusce consequat. Nulla nisl. Nunc nisl.', 0, '2022-12-29 23:14:47', '2022-12-29 23:14:47', 45, 1, 2, 6),
(44, 'Out at the Wedding', 'https://picsum.photos/800/400', 'Duis bibendum. Morbi non quam nec dui luctus rutrum. Nulla tellus.\n\nIn sagittis dui vel nisl. Duis ac nibh. Fusce lacus purus, aliquet at, feugiat non, pretium quis, lectus.\n\nSuspendisse potenti. In eleifend quam a odio. In hac habitasse platea dictumst.\n\nMaecenas ut massa quis augue luctus tincidunt. Nulla mollis molestie lorem. Quisque ut erat.\n\nCurabitur gravida nisi at nibh. In hac habitasse platea dictumst. Aliquam augue quam, sollicitudin vitae, consectetuer eget, rutrum at, lorem.', 0, '2022-12-29 23:14:47', '2022-12-29 23:14:47', 46, 1, 2, 6),
(45, 'Frailty', 'https://picsum.photos/800/400', 'Curabitur gravida nisi at nibh. In hac habitasse platea dictumst. Aliquam augue quam, sollicitudin vitae, consectetuer eget, rutrum at, lorem.\n\nInteger tincidunt ante vel ipsum. Praesent blandit lacinia erat. Vestibulum sed magna at nunc commodo placerat.\n\nPraesent blandit. Nam nulla. Integer pede justo, lacinia eget, tincidunt eget, tempus vel, pede.\n\nMorbi porttitor lorem id ligula. Suspendisse ornare consequat lectus. In est risus, auctor sed, tristique in, tempus sit amet, sem.', 0, '2022-12-29 23:14:47', '2022-12-29 23:14:47', 47, 1, 3, 5),
(46, 'Nocturna', 'https://picsum.photos/800/400', 'Quisque porta volutpat erat. Quisque erat eros, viverra eget, congue eget, semper rutrum, nulla. Nunc purus.\n\nPhasellus in felis. Donec semper sapien a libero. Nam dui.', 0, '2022-12-29 23:14:47', '2022-12-29 23:14:47', 48, 1, 2, 5),
(47, 'Devil\'s Nightmare, The (Plus longue nuit du diable, La)', 'https://picsum.photos/800/400', 'Mauris enim leo, rhoncus sed, vestibulum sit amet, cursus id, turpis. Integer aliquet, massa id lobortis convallis, tortor risus dapibus augue, vel accumsan tellus nisi eu orci. Mauris lacinia sapien quis libero.\n\nNullam sit amet turpis elementum ligula vehicula consequat. Morbi a ipsum. Integer a nibh.\n\nIn quis justo. Maecenas rhoncus aliquam lacus. Morbi quis tortor id nulla ultrices aliquet.\n\nMaecenas leo odio, condimentum id, luctus nec, molestie sed, justo. Pellentesque viverra pede ac diam. Cras pellentesque volutpat dui.\n\nMaecenas tristique, est et tempus semper, est quam pharetra magna, ac consequat metus sapien ut nunc. Vestibulum ante ipsum primis in faucibus orci luctus et ultrices posuere cubilia Curae; Mauris viverra diam vitae quam. Suspendisse potenti.', 0, '2022-12-29 23:14:47', '2022-12-29 23:14:47', 49, 1, 3, 1),
(48, 'Brown Bunny, The', 'https://picsum.photos/800/400', 'Mauris enim leo, rhoncus sed, vestibulum sit amet, cursus id, turpis. Integer aliquet, massa id lobortis convallis, tortor risus dapibus augue, vel accumsan tellus nisi eu orci. Mauris lacinia sapien quis libero.\n\nNullam sit amet turpis elementum ligula vehicula consequat. Morbi a ipsum. Integer a nibh.\n\nIn quis justo. Maecenas rhoncus aliquam lacus. Morbi quis tortor id nulla ultrices aliquet.\n\nMaecenas leo odio, condimentum id, luctus nec, molestie sed, justo. Pellentesque viverra pede ac diam. Cras pellentesque volutpat dui.', 0, '2022-12-29 23:14:47', '2022-12-29 23:14:47', 50, 1, 2, 4),
(49, 'Mister Buddwing', 'https://picsum.photos/800/400', 'Cum sociis natoque penatibus et magnis dis parturient montes, nascetur ridiculus mus. Vivamus vestibulum sagittis sapien. Cum sociis natoque penatibus et magnis dis parturient montes, nascetur ridiculus mus.\n\nEtiam vel augue. Vestibulum rutrum rutrum neque. Aenean auctor gravida sem.\n\nPraesent id massa id nisl venenatis lacinia. Aenean sit amet justo. Morbi ut odio.\n\nCras mi pede, malesuada in, imperdiet et, commodo vulputate, justo. In blandit ultrices enim. Lorem ipsum dolor sit amet, consectetuer adipiscing elit.', 0, '2022-12-29 23:14:47', '2022-12-29 23:14:47', 51, 1, 1, 4),
(50, 'Brooklyn Bridge', 'https://picsum.photos/800/400', 'Vestibulum quam sapien, varius ut, blandit non, interdum in, ante. Vestibulum ante ipsum primis in faucibus orci luctus et ultrices posuere cubilia Curae; Duis faucibus accumsan odio. Curabitur convallis.\n\nDuis consequat dui nec nisi volutpat eleifend. Donec ut dolor. Morbi vel lectus in quam fringilla rhoncus.\n\nMauris enim leo, rhoncus sed, vestibulum sit amet, cursus id, turpis. Integer aliquet, massa id lobortis convallis, tortor risus dapibus augue, vel accumsan tellus nisi eu orci. Mauris lacinia sapien quis libero.\n\nNullam sit amet turpis elementum ligula vehicula consequat. Morbi a ipsum. Integer a nibh.\n\nIn quis justo. Maecenas rhoncus aliquam lacus. Morbi quis tortor id nulla ultrices aliquet.', 0, '2022-12-29 23:14:47', '2022-12-29 23:14:47', 52, 1, 2, 3),
(51, 'Bandslam', 'https://picsum.photos/800/400', 'Curabitur in libero ut massa volutpat convallis. Morbi odio odio, elementum eu, interdum eu, tincidunt in, leo. Maecenas pulvinar lobortis est.\n\nPhasellus sit amet erat. Nulla tempus. Vivamus in felis eu sapien cursus vestibulum.\n\nProin eu mi. Nulla ac enim. In tempor, turpis nec euismod scelerisque, quam turpis adipiscing lorem, vitae mattis nibh ligula nec sem.\n\nDuis aliquam convallis nunc. Proin at turpis a pede posuere nonummy. Integer non velit.\n\nDonec diam neque, vestibulum eget, vulputate ut, ultrices vel, augue. Vestibulum ante ipsum primis in faucibus orci luctus et ultrices posuere cubilia Curae; Donec pharetra, magna vestibulum aliquet ultrices, erat tortor sollicitudin mi, sit amet lobortis sapien sapien non mi. Integer ac neque.', 0, '2022-12-29 23:14:47', '2022-12-29 23:14:47', 53, 1, 1, 6),
(52, 'Incredible Rocky Mountain Race', 'https://picsum.photos/800/400', 'Cum sociis natoque penatibus et magnis dis parturient montes, nascetur ridiculus mus. Vivamus vestibulum sagittis sapien. Cum sociis natoque penatibus et magnis dis parturient montes, nascetur ridiculus mus.\n\nEtiam vel augue. Vestibulum rutrum rutrum neque. Aenean auctor gravida sem.', 0, '2022-12-29 23:14:47', '2022-12-29 23:14:47', 54, 1, 3, 3),
(53, 'Tequila Sunrise', 'https://picsum.photos/800/400', 'Proin interdum mauris non ligula pellentesque ultrices. Phasellus id sapien in sapien iaculis congue. Vivamus metus arcu, adipiscing molestie, hendrerit at, vulputate vitae, nisl.\n\nAenean lectus. Pellentesque eget nunc. Donec quis orci eget orci vehicula condimentum.\n\nCurabitur in libero ut massa volutpat convallis. Morbi odio odio, elementum eu, interdum eu, tincidunt in, leo. Maecenas pulvinar lobortis est.\n\nPhasellus sit amet erat. Nulla tempus. Vivamus in felis eu sapien cursus vestibulum.\n\nProin eu mi. Nulla ac enim. In tempor, turpis nec euismod scelerisque, quam turpis adipiscing lorem, vitae mattis nibh ligula nec sem.', 0, '2022-12-29 23:14:47', '2022-12-29 23:14:47', 55, 1, 1, 6),
(54, 'Samson and Delilah', 'https://picsum.photos/800/400', 'Integer tincidunt ante vel ipsum. Praesent blandit lacinia erat. Vestibulum sed magna at nunc commodo placerat.\n\nPraesent blandit. Nam nulla. Integer pede justo, lacinia eget, tincidunt eget, tempus vel, pede.\n\nMorbi porttitor lorem id ligula. Suspendisse ornare consequat lectus. In est risus, auctor sed, tristique in, tempus sit amet, sem.', 0, '2022-12-29 23:14:47', '2022-12-29 23:14:47', 56, 1, 3, 2),
(55, 'Yongary: Monster from the Deep', 'https://picsum.photos/800/400', 'Mauris enim leo, rhoncus sed, vestibulum sit amet, cursus id, turpis. Integer aliquet, massa id lobortis convallis, tortor risus dapibus augue, vel accumsan tellus nisi eu orci. Mauris lacinia sapien quis libero.\n\nNullam sit amet turpis elementum ligula vehicula consequat. Morbi a ipsum. Integer a nibh.\n\nIn quis justo. Maecenas rhoncus aliquam lacus. Morbi quis tortor id nulla ultrices aliquet.\n\nMaecenas leo odio, condimentum id, luctus nec, molestie sed, justo. Pellentesque viverra pede ac diam. Cras pellentesque volutpat dui.', 0, '2022-12-29 23:14:47', '2022-12-29 23:14:47', 57, 1, 1, 4),
(56, 'I Am a Sex Addict', 'https://picsum.photos/800/400', 'Morbi porttitor lorem id ligula. Suspendisse ornare consequat lectus. In est risus, auctor sed, tristique in, tempus sit amet, sem.\n\nFusce consequat. Nulla nisl. Nunc nisl.', 0, '2022-12-29 23:14:47', '2022-12-29 23:14:47', 58, 1, 3, 2),
(57, 'Personals, The (Zheng hun qi shi)', 'https://picsum.photos/800/400', 'Cras mi pede, malesuada in, imperdiet et, commodo vulputate, justo. In blandit ultrices enim. Lorem ipsum dolor sit amet, consectetuer adipiscing elit.\n\nProin interdum mauris non ligula pellentesque ultrices. Phasellus id sapien in sapien iaculis congue. Vivamus metus arcu, adipiscing molestie, hendrerit at, vulputate vitae, nisl.', 0, '2022-12-29 23:14:47', '2022-12-29 23:14:47', 59, 1, 1, 5),
(58, 'Tarzan Finds a Son!', 'https://picsum.photos/800/400', 'Vestibulum ac est lacinia nisi venenatis tristique. Fusce congue, diam id ornare imperdiet, sapien urna pretium nisl, ut volutpat sapien arcu sed augue. Aliquam erat volutpat.\n\nIn congue. Etiam justo. Etiam pretium iaculis justo.\n\nIn hac habitasse platea dictumst. Etiam faucibus cursus urna. Ut tellus.', 0, '2022-12-29 23:14:47', '2022-12-29 23:14:47', 60, 1, 2, 2),
(59, 'Internes Can\'t Take Money', 'https://picsum.photos/800/400', 'In sagittis dui vel nisl. Duis ac nibh. Fusce lacus purus, aliquet at, feugiat non, pretium quis, lectus.\n\nSuspendisse potenti. In eleifend quam a odio. In hac habitasse platea dictumst.', 0, '2022-12-29 23:14:47', '2022-12-29 23:14:47', 61, 1, 3, 4),
(60, 'Laila', 'https://picsum.photos/800/400', 'Proin eu mi. Nulla ac enim. In tempor, turpis nec euismod scelerisque, quam turpis adipiscing lorem, vitae mattis nibh ligula nec sem.\n\nDuis aliquam convallis nunc. Proin at turpis a pede posuere nonummy. Integer non velit.\n\nDonec diam neque, vestibulum eget, vulputate ut, ultrices vel, augue. Vestibulum ante ipsum primis in faucibus orci luctus et ultrices posuere cubilia Curae; Donec pharetra, magna vestibulum aliquet ultrices, erat tortor sollicitudin mi, sit amet lobortis sapien sapien non mi. Integer ac neque.', 0, '2022-12-29 23:14:47', '2022-12-29 23:14:47', 62, 1, 2, 6),
(61, 'Hue and Cry', 'https://picsum.photos/800/400', 'Aenean lectus. Pellentesque eget nunc. Donec quis orci eget orci vehicula condimentum.\n\nCurabitur in libero ut massa volutpat convallis. Morbi odio odio, elementum eu, interdum eu, tincidunt in, leo. Maecenas pulvinar lobortis est.\n\nPhasellus sit amet erat. Nulla tempus. Vivamus in felis eu sapien cursus vestibulum.\n\nProin eu mi. Nulla ac enim. In tempor, turpis nec euismod scelerisque, quam turpis adipiscing lorem, vitae mattis nibh ligula nec sem.', 0, '2022-12-29 23:14:47', '2022-12-29 23:14:47', 63, 1, 2, 2),
(62, 'Valley Uprising', 'https://picsum.photos/800/400', 'Curabitur in libero ut massa volutpat convallis. Morbi odio odio, elementum eu, interdum eu, tincidunt in, leo. Maecenas pulvinar lobortis est.\n\nPhasellus sit amet erat. Nulla tempus. Vivamus in felis eu sapien cursus vestibulum.\n\nProin eu mi. Nulla ac enim. In tempor, turpis nec euismod scelerisque, quam turpis adipiscing lorem, vitae mattis nibh ligula nec sem.\n\nDuis aliquam convallis nunc. Proin at turpis a pede posuere nonummy. Integer non velit.\n\nDonec diam neque, vestibulum eget, vulputate ut, ultrices vel, augue. Vestibulum ante ipsum primis in faucibus orci luctus et ultrices posuere cubilia Curae; Donec pharetra, magna vestibulum aliquet ultrices, erat tortor sollicitudin mi, sit amet lobortis sapien sapien non mi. Integer ac neque.', 0, '2022-12-29 23:14:47', '2022-12-29 23:14:47', 64, 1, 2, 3),
(63, 'Waking Up in Reno', 'https://picsum.photos/800/400', 'Maecenas leo odio, condimentum id, luctus nec, molestie sed, justo. Pellentesque viverra pede ac diam. Cras pellentesque volutpat dui.\n\nMaecenas tristique, est et tempus semper, est quam pharetra magna, ac consequat metus sapien ut nunc. Vestibulum ante ipsum primis in faucibus orci luctus et ultrices posuere cubilia Curae; Mauris viverra diam vitae quam. Suspendisse potenti.\n\nNullam porttitor lacus at turpis. Donec posuere metus vitae ipsum. Aliquam non mauris.\n\nMorbi non lectus. Aliquam sit amet diam in magna bibendum imperdiet. Nullam orci pede, venenatis non, sodales sed, tincidunt eu, felis.', 0, '2022-12-29 23:14:47', '2022-12-29 23:14:47', 65, 1, 1, 2),
(64, 'Grand Dukes, The (Les grands ducs)', 'https://picsum.photos/800/400', 'Vestibulum ac est lacinia nisi venenatis tristique. Fusce congue, diam id ornare imperdiet, sapien urna pretium nisl, ut volutpat sapien arcu sed augue. Aliquam erat volutpat.\n\nIn congue. Etiam justo. Etiam pretium iaculis justo.\n\nIn hac habitasse platea dictumst. Etiam faucibus cursus urna. Ut tellus.\n\nNulla ut erat id mauris vulputate elementum. Nullam varius. Nulla facilisi.', 0, '2022-12-29 23:14:47', '2022-12-29 23:14:47', 66, 1, 3, 2),
(65, 'Millionaire for Christy, A (Golden Goose) (No Room for the Groom)', 'https://picsum.photos/800/400', 'Maecenas ut massa quis augue luctus tincidunt. Nulla mollis molestie lorem. Quisque ut erat.\n\nCurabitur gravida nisi at nibh. In hac habitasse platea dictumst. Aliquam augue quam, sollicitudin vitae, consectetuer eget, rutrum at, lorem.', 0, '2022-12-29 23:14:47', '2022-12-29 23:14:47', 67, 1, 1, 1),
(66, 'Song for Martin, A (Sång för Martin, En)', 'https://picsum.photos/800/400', 'Curabitur gravida nisi at nibh. In hac habitasse platea dictumst. Aliquam augue quam, sollicitudin vitae, consectetuer eget, rutrum at, lorem.\n\nInteger tincidunt ante vel ipsum. Praesent blandit lacinia erat. Vestibulum sed magna at nunc commodo placerat.\n\nPraesent blandit. Nam nulla. Integer pede justo, lacinia eget, tincidunt eget, tempus vel, pede.\n\nMorbi porttitor lorem id ligula. Suspendisse ornare consequat lectus. In est risus, auctor sed, tristique in, tempus sit amet, sem.', 0, '2022-12-29 23:14:47', '2022-12-29 23:14:47', 68, 1, 2, 3),
(67, 'Price Check', 'https://picsum.photos/800/400', 'Cum sociis natoque penatibus et magnis dis parturient montes, nascetur ridiculus mus. Vivamus vestibulum sagittis sapien. Cum sociis natoque penatibus et magnis dis parturient montes, nascetur ridiculus mus.\n\nEtiam vel augue. Vestibulum rutrum rutrum neque. Aenean auctor gravida sem.\n\nPraesent id massa id nisl venenatis lacinia. Aenean sit amet justo. Morbi ut odio.\n\nCras mi pede, malesuada in, imperdiet et, commodo vulputate, justo. In blandit ultrices enim. Lorem ipsum dolor sit amet, consectetuer adipiscing elit.', 0, '2022-12-29 23:14:47', '2022-12-29 23:14:47', 69, 1, 3, 3),
(68, 'Jungle Book, The', 'https://picsum.photos/800/400', 'Cras non velit nec nisi vulputate nonummy. Maecenas tincidunt lacus at velit. Vivamus vel nulla eget eros elementum pellentesque.\n\nQuisque porta volutpat erat. Quisque erat eros, viverra eget, congue eget, semper rutrum, nulla. Nunc purus.', 0, '2022-12-29 23:14:47', '2022-12-29 23:14:47', 70, 1, 3, 5),
(69, 'Mr. Bean\'s Holiday', 'https://picsum.photos/800/400', 'Lorem ipsum dolor sit amet, consectetuer adipiscing elit. Proin risus. Praesent lectus.\n\nVestibulum quam sapien, varius ut, blandit non, interdum in, ante. Vestibulum ante ipsum primis in faucibus orci luctus et ultrices posuere cubilia Curae; Duis faucibus accumsan odio. Curabitur convallis.\n\nDuis consequat dui nec nisi volutpat eleifend. Donec ut dolor. Morbi vel lectus in quam fringilla rhoncus.\n\nMauris enim leo, rhoncus sed, vestibulum sit amet, cursus id, turpis. Integer aliquet, massa id lobortis convallis, tortor risus dapibus augue, vel accumsan tellus nisi eu orci. Mauris lacinia sapien quis libero.', 0, '2022-12-29 23:14:47', '2022-12-29 23:14:47', 71, 1, 2, 2),
(70, 'Devil Bat, The', 'https://picsum.photos/800/400', 'Suspendisse potenti. In eleifend quam a odio. In hac habitasse platea dictumst.\n\nMaecenas ut massa quis augue luctus tincidunt. Nulla mollis molestie lorem. Quisque ut erat.\n\nCurabitur gravida nisi at nibh. In hac habitasse platea dictumst. Aliquam augue quam, sollicitudin vitae, consectetuer eget, rutrum at, lorem.\n\nInteger tincidunt ante vel ipsum. Praesent blandit lacinia erat. Vestibulum sed magna at nunc commodo placerat.', 0, '2022-12-29 23:14:47', '2022-12-29 23:14:47', 72, 1, 3, 4),
(71, 'Signal, The', 'https://picsum.photos/800/400', 'Fusce posuere felis sed lacus. Morbi sem mauris, laoreet ut, rhoncus aliquet, pulvinar sed, nisl. Nunc rhoncus dui vel sem.\n\nSed sagittis. Nam congue, risus semper porta volutpat, quam pede lobortis ligula, sit amet eleifend pede libero quis orci. Nullam molestie nibh in lectus.\n\nPellentesque at nulla. Suspendisse potenti. Cras in purus eu magna vulputate luctus.\n\nCum sociis natoque penatibus et magnis dis parturient montes, nascetur ridiculus mus. Vivamus vestibulum sagittis sapien. Cum sociis natoque penatibus et magnis dis parturient montes, nascetur ridiculus mus.', 0, '2022-12-29 23:14:47', '2022-12-29 23:14:47', 73, 1, 2, 5),
(72, 'Littlerock', 'https://picsum.photos/800/400', 'Donec diam neque, vestibulum eget, vulputate ut, ultrices vel, augue. Vestibulum ante ipsum primis in faucibus orci luctus et ultrices posuere cubilia Curae; Donec pharetra, magna vestibulum aliquet ultrices, erat tortor sollicitudin mi, sit amet lobortis sapien sapien non mi. Integer ac neque.\n\nDuis bibendum. Morbi non quam nec dui luctus rutrum. Nulla tellus.', 0, '2022-12-29 23:14:47', '2022-12-29 23:14:47', 74, 1, 1, 4),
(73, 'Ten Little Indians (Ein Unbekannter rechnet ab) (And Then There Were N', 'https://picsum.photos/800/400', 'Lorem ipsum dolor sit amet, consectetuer adipiscing elit. Proin risus. Praesent lectus.\n\nVestibulum quam sapien, varius ut, blandit non, interdum in, ante. Vestibulum ante ipsum primis in faucibus orci luctus et ultrices posuere cubilia Curae; Duis faucibus accumsan odio. Curabitur convallis.', 0, '2022-12-29 23:14:47', '2022-12-29 23:14:47', 75, 1, 1, 5),
(74, 'Black Cauldron, The', 'https://picsum.photos/800/400', 'Cum sociis natoque penatibus et magnis dis parturient montes, nascetur ridiculus mus. Vivamus vestibulum sagittis sapien. Cum sociis natoque penatibus et magnis dis parturient montes, nascetur ridiculus mus.\n\nEtiam vel augue. Vestibulum rutrum rutrum neque. Aenean auctor gravida sem.', 0, '2022-12-29 23:14:47', '2022-12-29 23:14:47', 76, 1, 1, 6),
(75, 'Human Traffic', 'https://picsum.photos/800/400', 'Sed ante. Vivamus tortor. Duis mattis egestas metus.\n\nAenean fermentum. Donec ut mauris eget massa tempor convallis. Nulla neque libero, convallis eget, eleifend luctus, ultricies eu, nibh.\n\nQuisque id justo sit amet sapien dignissim vestibulum. Vestibulum ante ipsum primis in faucibus orci luctus et ultrices posuere cubilia Curae; Nulla dapibus dolor vel est. Donec odio justo, sollicitudin ut, suscipit a, feugiat et, eros.', 0, '2022-12-29 23:14:47', '2022-12-29 23:14:47', 77, 1, 2, 3),
(76, 'Interstellar', 'https://picsum.photos/800/400', 'Proin eu mi. Nulla ac enim. In tempor, turpis nec euismod scelerisque, quam turpis adipiscing lorem, vitae mattis nibh ligula nec sem.\n\nDuis aliquam convallis nunc. Proin at turpis a pede posuere nonummy. Integer non velit.\n\nDonec diam neque, vestibulum eget, vulputate ut, ultrices vel, augue. Vestibulum ante ipsum primis in faucibus orci luctus et ultrices posuere cubilia Curae; Donec pharetra, magna vestibulum aliquet ultrices, erat tortor sollicitudin mi, sit amet lobortis sapien sapien non mi. Integer ac neque.\n\nDuis bibendum. Morbi non quam nec dui luctus rutrum. Nulla tellus.\n\nIn sagittis dui vel nisl. Duis ac nibh. Fusce lacus purus, aliquet at, feugiat non, pretium quis, lectus.', 0, '2022-12-29 23:14:47', '2022-12-29 23:14:47', 78, 1, 3, 2),
(77, 'Cinderella Man', 'https://picsum.photos/800/400', 'Etiam vel augue. Vestibulum rutrum rutrum neque. Aenean auctor gravida sem.\n\nPraesent id massa id nisl venenatis lacinia. Aenean sit amet justo. Morbi ut odio.\n\nCras mi pede, malesuada in, imperdiet et, commodo vulputate, justo. In blandit ultrices enim. Lorem ipsum dolor sit amet, consectetuer adipiscing elit.\n\nProin interdum mauris non ligula pellentesque ultrices. Phasellus id sapien in sapien iaculis congue. Vivamus metus arcu, adipiscing molestie, hendrerit at, vulputate vitae, nisl.\n\nAenean lectus. Pellentesque eget nunc. Donec quis orci eget orci vehicula condimentum.', 0, '2022-12-29 23:14:47', '2022-12-29 23:14:47', 79, 1, 1, 2),
(78, 'Battered Bastards of Baseball, The', 'https://picsum.photos/800/400', 'In hac habitasse platea dictumst. Morbi vestibulum, velit id pretium iaculis, diam erat fermentum justo, nec condimentum neque sapien placerat ante. Nulla justo.\n\nAliquam quis turpis eget elit sodales scelerisque. Mauris sit amet eros. Suspendisse accumsan tortor quis turpis.', 0, '2022-12-29 23:14:47', '2022-12-29 23:14:47', 80, 1, 3, 3),
(79, 'King Leopold\'s Ghost', 'https://picsum.photos/800/400', 'Sed sagittis. Nam congue, risus semper porta volutpat, quam pede lobortis ligula, sit amet eleifend pede libero quis orci. Nullam molestie nibh in lectus.\n\nPellentesque at nulla. Suspendisse potenti. Cras in purus eu magna vulputate luctus.\n\nCum sociis natoque penatibus et magnis dis parturient montes, nascetur ridiculus mus. Vivamus vestibulum sagittis sapien. Cum sociis natoque penatibus et magnis dis parturient montes, nascetur ridiculus mus.', 0, '2022-12-29 23:14:47', '2022-12-29 23:14:47', 81, 1, 2, 4),
(80, 'Life and Death of Peter Sellers, The', 'https://picsum.photos/800/400', 'Mauris enim leo, rhoncus sed, vestibulum sit amet, cursus id, turpis. Integer aliquet, massa id lobortis convallis, tortor risus dapibus augue, vel accumsan tellus nisi eu orci. Mauris lacinia sapien quis libero.\n\nNullam sit amet turpis elementum ligula vehicula consequat. Morbi a ipsum. Integer a nibh.', 0, '2022-12-29 23:14:47', '2022-12-29 23:14:47', 82, 1, 1, 5),
(81, 'Free The Mind', 'https://picsum.photos/800/400', 'In quis justo. Maecenas rhoncus aliquam lacus. Morbi quis tortor id nulla ultrices aliquet.\n\nMaecenas leo odio, condimentum id, luctus nec, molestie sed, justo. Pellentesque viverra pede ac diam. Cras pellentesque volutpat dui.\n\nMaecenas tristique, est et tempus semper, est quam pharetra magna, ac consequat metus sapien ut nunc. Vestibulum ante ipsum primis in faucibus orci luctus et ultrices posuere cubilia Curae; Mauris viverra diam vitae quam. Suspendisse potenti.', 0, '2022-12-29 23:14:47', '2022-12-29 23:14:47', 83, 1, 1, 5),
(82, 'Diamond Dogs', 'https://picsum.photos/800/400', 'Cum sociis natoque penatibus et magnis dis parturient montes, nascetur ridiculus mus. Vivamus vestibulum sagittis sapien. Cum sociis natoque penatibus et magnis dis parturient montes, nascetur ridiculus mus.\n\nEtiam vel augue. Vestibulum rutrum rutrum neque. Aenean auctor gravida sem.\n\nPraesent id massa id nisl venenatis lacinia. Aenean sit amet justo. Morbi ut odio.\n\nCras mi pede, malesuada in, imperdiet et, commodo vulputate, justo. In blandit ultrices enim. Lorem ipsum dolor sit amet, consectetuer adipiscing elit.\n\nProin interdum mauris non ligula pellentesque ultrices. Phasellus id sapien in sapien iaculis congue. Vivamus metus arcu, adipiscing molestie, hendrerit at, vulputate vitae, nisl.', 0, '2022-12-29 23:14:47', '2022-12-29 23:14:47', 84, 1, 1, 2),
(83, 'Sweethearts', 'https://picsum.photos/800/400', 'Fusce consequat. Nulla nisl. Nunc nisl.\n\nDuis bibendum, felis sed interdum venenatis, turpis enim blandit mi, in porttitor pede justo eu massa. Donec dapibus. Duis at velit eu est congue elementum.\n\nIn hac habitasse platea dictumst. Morbi vestibulum, velit id pretium iaculis, diam erat fermentum justo, nec condimentum neque sapien placerat ante. Nulla justo.\n\nAliquam quis turpis eget elit sodales scelerisque. Mauris sit amet eros. Suspendisse accumsan tortor quis turpis.\n\nSed ante. Vivamus tortor. Duis mattis egestas metus.', 0, '2022-12-29 23:14:47', '2022-12-29 23:14:47', 85, 1, 1, 1),
(84, 'Lilith', 'https://picsum.photos/800/400', 'Integer ac leo. Pellentesque ultrices mattis odio. Donec vitae nisi.\n\nNam ultrices, libero non mattis pulvinar, nulla pede ullamcorper augue, a suscipit nulla elit ac nulla. Sed vel enim sit amet nunc viverra dapibus. Nulla suscipit ligula in lacus.\n\nCurabitur at ipsum ac tellus semper interdum. Mauris ullamcorper purus sit amet nulla. Quisque arcu libero, rutrum ac, lobortis vel, dapibus at, diam.', 0, '2022-12-29 23:14:47', '2022-12-29 23:14:47', 86, 1, 1, 1),
(85, 'Make It Happen', 'https://picsum.photos/800/400', 'In hac habitasse platea dictumst. Etiam faucibus cursus urna. Ut tellus.\n\nNulla ut erat id mauris vulputate elementum. Nullam varius. Nulla facilisi.\n\nCras non velit nec nisi vulputate nonummy. Maecenas tincidunt lacus at velit. Vivamus vel nulla eget eros elementum pellentesque.\n\nQuisque porta volutpat erat. Quisque erat eros, viverra eget, congue eget, semper rutrum, nulla. Nunc purus.\n\nPhasellus in felis. Donec semper sapien a libero. Nam dui.', 0, '2022-12-29 23:14:47', '2022-12-29 23:14:47', 87, 1, 1, 3),
(86, 'Swarm, The', 'https://picsum.photos/800/400', 'Aliquam quis turpis eget elit sodales scelerisque. Mauris sit amet eros. Suspendisse accumsan tortor quis turpis.\n\nSed ante. Vivamus tortor. Duis mattis egestas metus.\n\nAenean fermentum. Donec ut mauris eget massa tempor convallis. Nulla neque libero, convallis eget, eleifend luctus, ultricies eu, nibh.\n\nQuisque id justo sit amet sapien dignissim vestibulum. Vestibulum ante ipsum primis in faucibus orci luctus et ultrices posuere cubilia Curae; Nulla dapibus dolor vel est. Donec odio justo, sollicitudin ut, suscipit a, feugiat et, eros.', 0, '2022-12-29 23:14:47', '2022-12-29 23:14:47', 88, 1, 2, 1),
(87, 'Pandorum', 'https://picsum.photos/800/400', 'Fusce posuere felis sed lacus. Morbi sem mauris, laoreet ut, rhoncus aliquet, pulvinar sed, nisl. Nunc rhoncus dui vel sem.\n\nSed sagittis. Nam congue, risus semper porta volutpat, quam pede lobortis ligula, sit amet eleifend pede libero quis orci. Nullam molestie nibh in lectus.\n\nPellentesque at nulla. Suspendisse potenti. Cras in purus eu magna vulputate luctus.\n\nCum sociis natoque penatibus et magnis dis parturient montes, nascetur ridiculus mus. Vivamus vestibulum sagittis sapien. Cum sociis natoque penatibus et magnis dis parturient montes, nascetur ridiculus mus.\n\nEtiam vel augue. Vestibulum rutrum rutrum neque. Aenean auctor gravida sem.', 0, '2022-12-29 23:14:47', '2022-12-29 23:14:47', 89, 1, 3, 1);
INSERT INTO `tips` (`id`, `title`, `picture`, `astuce`, `isValidate`, `createdAt`, `updatedAt`, `UserId`, `ObtentionId`, `RareteId`, `TypeId`) VALUES
(88, 'The Pool Boys', 'https://picsum.photos/800/400', 'Maecenas leo odio, condimentum id, luctus nec, molestie sed, justo. Pellentesque viverra pede ac diam. Cras pellentesque volutpat dui.\n\nMaecenas tristique, est et tempus semper, est quam pharetra magna, ac consequat metus sapien ut nunc. Vestibulum ante ipsum primis in faucibus orci luctus et ultrices posuere cubilia Curae; Mauris viverra diam vitae quam. Suspendisse potenti.\n\nNullam porttitor lacus at turpis. Donec posuere metus vitae ipsum. Aliquam non mauris.', 0, '2022-12-29 23:14:47', '2022-12-29 23:14:47', 90, 1, 3, 5),
(89, 'Wendigo', 'https://picsum.photos/800/400', 'Phasellus sit amet erat. Nulla tempus. Vivamus in felis eu sapien cursus vestibulum.\n\nProin eu mi. Nulla ac enim. In tempor, turpis nec euismod scelerisque, quam turpis adipiscing lorem, vitae mattis nibh ligula nec sem.\n\nDuis aliquam convallis nunc. Proin at turpis a pede posuere nonummy. Integer non velit.\n\nDonec diam neque, vestibulum eget, vulputate ut, ultrices vel, augue. Vestibulum ante ipsum primis in faucibus orci luctus et ultrices posuere cubilia Curae; Donec pharetra, magna vestibulum aliquet ultrices, erat tortor sollicitudin mi, sit amet lobortis sapien sapien non mi. Integer ac neque.', 0, '2022-12-29 23:14:47', '2022-12-29 23:14:47', 91, 1, 2, 3),
(90, 'The Cyclone', 'https://picsum.photos/800/400', 'Pellentesque at nulla. Suspendisse potenti. Cras in purus eu magna vulputate luctus.\n\nCum sociis natoque penatibus et magnis dis parturient montes, nascetur ridiculus mus. Vivamus vestibulum sagittis sapien. Cum sociis natoque penatibus et magnis dis parturient montes, nascetur ridiculus mus.', 0, '2022-12-29 23:14:47', '2022-12-29 23:14:47', 92, 1, 3, 1),
(91, 'Naked Jungle, The', 'https://picsum.photos/800/400', 'Lorem ipsum dolor sit amet, consectetuer adipiscing elit. Proin risus. Praesent lectus.\n\nVestibulum quam sapien, varius ut, blandit non, interdum in, ante. Vestibulum ante ipsum primis in faucibus orci luctus et ultrices posuere cubilia Curae; Duis faucibus accumsan odio. Curabitur convallis.', 0, '2022-12-29 23:14:47', '2022-12-29 23:14:47', 93, 1, 2, 4),
(92, 'Raise the Titanic', 'https://picsum.photos/800/400', 'Mauris enim leo, rhoncus sed, vestibulum sit amet, cursus id, turpis. Integer aliquet, massa id lobortis convallis, tortor risus dapibus augue, vel accumsan tellus nisi eu orci. Mauris lacinia sapien quis libero.\n\nNullam sit amet turpis elementum ligula vehicula consequat. Morbi a ipsum. Integer a nibh.\n\nIn quis justo. Maecenas rhoncus aliquam lacus. Morbi quis tortor id nulla ultrices aliquet.\n\nMaecenas leo odio, condimentum id, luctus nec, molestie sed, justo. Pellentesque viverra pede ac diam. Cras pellentesque volutpat dui.\n\nMaecenas tristique, est et tempus semper, est quam pharetra magna, ac consequat metus sapien ut nunc. Vestibulum ante ipsum primis in faucibus orci luctus et ultrices posuere cubilia Curae; Mauris viverra diam vitae quam. Suspendisse potenti.', 0, '2022-12-29 23:14:47', '2022-12-29 23:14:47', 94, 1, 3, 3),
(93, 'Yours, Mine and Ours', 'https://picsum.photos/800/400', 'Mauris enim leo, rhoncus sed, vestibulum sit amet, cursus id, turpis. Integer aliquet, massa id lobortis convallis, tortor risus dapibus augue, vel accumsan tellus nisi eu orci. Mauris lacinia sapien quis libero.\n\nNullam sit amet turpis elementum ligula vehicula consequat. Morbi a ipsum. Integer a nibh.\n\nIn quis justo. Maecenas rhoncus aliquam lacus. Morbi quis tortor id nulla ultrices aliquet.\n\nMaecenas leo odio, condimentum id, luctus nec, molestie sed, justo. Pellentesque viverra pede ac diam. Cras pellentesque volutpat dui.\n\nMaecenas tristique, est et tempus semper, est quam pharetra magna, ac consequat metus sapien ut nunc. Vestibulum ante ipsum primis in faucibus orci luctus et ultrices posuere cubilia Curae; Mauris viverra diam vitae quam. Suspendisse potenti.', 0, '2022-12-29 23:14:47', '2022-12-29 23:14:47', 95, 1, 2, 2),
(94, 'Thunderpants', 'https://picsum.photos/800/400', 'Duis bibendum, felis sed interdum venenatis, turpis enim blandit mi, in porttitor pede justo eu massa. Donec dapibus. Duis at velit eu est congue elementum.\n\nIn hac habitasse platea dictumst. Morbi vestibulum, velit id pretium iaculis, diam erat fermentum justo, nec condimentum neque sapien placerat ante. Nulla justo.\n\nAliquam quis turpis eget elit sodales scelerisque. Mauris sit amet eros. Suspendisse accumsan tortor quis turpis.', 0, '2022-12-29 23:14:47', '2022-12-29 23:14:47', 96, 1, 1, 5),
(95, 'Italian Job, The', 'https://picsum.photos/800/400', 'Quisque porta volutpat erat. Quisque erat eros, viverra eget, congue eget, semper rutrum, nulla. Nunc purus.\n\nPhasellus in felis. Donec semper sapien a libero. Nam dui.\n\nProin leo odio, porttitor id, consequat in, consequat ut, nulla. Sed accumsan felis. Ut at dolor quis odio consequat varius.\n\nInteger ac leo. Pellentesque ultrices mattis odio. Donec vitae nisi.\n\nNam ultrices, libero non mattis pulvinar, nulla pede ullamcorper augue, a suscipit nulla elit ac nulla. Sed vel enim sit amet nunc viverra dapibus. Nulla suscipit ligula in lacus.', 0, '2022-12-29 23:14:47', '2022-12-29 23:14:47', 97, 1, 1, 1),
(96, 'Madagascar', 'https://picsum.photos/800/400', 'Sed ante. Vivamus tortor. Duis mattis egestas metus.\n\nAenean fermentum. Donec ut mauris eget massa tempor convallis. Nulla neque libero, convallis eget, eleifend luctus, ultricies eu, nibh.\n\nQuisque id justo sit amet sapien dignissim vestibulum. Vestibulum ante ipsum primis in faucibus orci luctus et ultrices posuere cubilia Curae; Nulla dapibus dolor vel est. Donec odio justo, sollicitudin ut, suscipit a, feugiat et, eros.', 0, '2022-12-29 23:14:47', '2022-12-29 23:14:47', 98, 1, 2, 4),
(97, 'Amazing Journey: The Story of The Who', 'https://picsum.photos/800/400', 'Fusce consequat. Nulla nisl. Nunc nisl.\n\nDuis bibendum, felis sed interdum venenatis, turpis enim blandit mi, in porttitor pede justo eu massa. Donec dapibus. Duis at velit eu est congue elementum.\n\nIn hac habitasse platea dictumst. Morbi vestibulum, velit id pretium iaculis, diam erat fermentum justo, nec condimentum neque sapien placerat ante. Nulla justo.', 0, '2022-12-29 23:14:47', '2022-12-29 23:14:47', 99, 1, 1, 6),
(98, 'Molly Maguires, The', 'https://picsum.photos/800/400', 'Integer tincidunt ante vel ipsum. Praesent blandit lacinia erat. Vestibulum sed magna at nunc commodo placerat.\n\nPraesent blandit. Nam nulla. Integer pede justo, lacinia eget, tincidunt eget, tempus vel, pede.', 0, '2022-12-29 23:14:47', '2022-12-29 23:14:47', 100, 1, 3, 6),
(99, 'Dope', 'https://picsum.photos/800/400', 'Vestibulum quam sapien, varius ut, blandit non, interdum in, ante. Vestibulum ante ipsum primis in faucibus orci luctus et ultrices posuere cubilia Curae; Duis faucibus accumsan odio. Curabitur convallis.\n\nDuis consequat dui nec nisi volutpat eleifend. Donec ut dolor. Morbi vel lectus in quam fringilla rhoncus.\n\nMauris enim leo, rhoncus sed, vestibulum sit amet, cursus id, turpis. Integer aliquet, massa id lobortis convallis, tortor risus dapibus augue, vel accumsan tellus nisi eu orci. Mauris lacinia sapien quis libero.\n\nNullam sit amet turpis elementum ligula vehicula consequat. Morbi a ipsum. Integer a nibh.\n\nIn quis justo. Maecenas rhoncus aliquam lacus. Morbi quis tortor id nulla ultrices aliquet.', 0, '2022-12-29 23:14:47', '2022-12-29 23:14:47', 101, 1, 3, 2),
(100, 'B.U.S.T.E.D (Everybody Loves Sunshine) (Busted)', 'https://picsum.photos/800/400', 'Nam ultrices, libero non mattis pulvinar, nulla pede ullamcorper augue, a suscipit nulla elit ac nulla. Sed vel enim sit amet nunc viverra dapibus. Nulla suscipit ligula in lacus.\n\nCurabitur at ipsum ac tellus semper interdum. Mauris ullamcorper purus sit amet nulla. Quisque arcu libero, rutrum ac, lobortis vel, dapibus at, diam.', 0, '2022-12-29 23:14:47', '2022-12-29 23:14:47', 102, 1, 3, 6),
(101, 'L\'épée en pierre', 'tips101.png', 'Cette épée est l\'une des premières de l\'aventure elle est plus efficace est plus résistante que celle en bois, elle vous sera d\'une grande aide dans les grottes avant de trouver du fer qui vous permettra d\'obtenir un meilleur équipement. Il est possible de réparer deux épées usées en les mettant dans une meule qui vous rendra une épée neuve. Les withers squelette peuvent apparaître avec une épée, et ont 8,5 % de chances de l\'abandonner en étant tuées par le joueur.', 1, '2022-12-29 23:17:24', '2022-12-29 23:24:06', 2, 1, 1, 6),
(102, 'La pioche en pierre', 'tips102.png', 'Cet objet est plus résistant et plus efficace que la pioche en bois, elle permet de miner les minerais de fer et de lapis-lazuli. Certainement la première pioche que vous emmènerez avec vous dans les grottes afin de récupérer du fer l\'élément obligatoire pour le reste de l\'aventure.', 1, '2022-12-29 23:17:57', '2022-12-29 23:24:05', 2, 1, 1, 4),
(103, 'La pioche en diamant', 'tips103.png', 'Cet objet est plus résistant et plus efficace que la pioche en fer, elle permet de miner tous les matériaux en particulier l\'obsidienne qui va vous permettre de changer totalement la suite de votre aventure. Après la pioche en diamant il n\'y a qu\'une amélioration possible qui n\'arrivera que bien plus tard alors prenez en soin.', 1, '2022-12-29 23:18:29', '2022-12-29 23:24:04', 2, 1, 3, 4),
(104, 'La hache en pierre', 'tips104.png', 'Cet objet est plus résistant et plus efficace que la hache en bois, elle permet de récolter du bois assez rapidement en début de partie. La hache en fer sera certainement c’elle qui la remplacera à part si vous avez eu beaucoup de chance durant le minage pour avoir une hache en diamant.', 1, '2022-12-29 23:18:58', '2022-12-29 23:24:03', 2, 1, 1, 4),
(105, 'La houe en pierre', 'tips105.png', 'Cet objet est plus résistant et plus efficace que la houe en bois, elle permet de labourer la terre assez rapidement en début de partie. A partir de ce moment vous serez en mesure d’avoir des champs afin de récolter de la nourriture obligatoire pour votre survie. La houe en fer sera certainement c’elle qui la remplacera à part si vous avez eu beaucoup de chance durant le minage pour avoir une houe en diamant.', 1, '2022-12-29 23:19:30', '2022-12-29 23:24:02', 2, 1, 1, 4),
(106, 'Le bouclier', 'tips106.png', 'Les boucliers sont utilisés pour bloquer. Le blocage s’active en maintenant le clic droit enfoncé, avec le bouclier équipé (en main principale ou secondaire). Le joueur est alors ralenti (il avance aussi vite que s’il était accroupi) et les dégâts reçus sont amortis par le bouclier. Lorsque le bouclier reçoit un coup sa durabilité diminue, il peut parer les coups d’épée, de flèche et les boules de feu mais pas les explosions et les flammes.', 1, '2022-12-29 23:20:06', '2022-12-29 23:24:01', 2, 1, 1, 4),
(107, 'L\'établie ', 'tips107.png', 'C’est l’un si ce n’est la première chose à crafter, avec seulement 4 planches de bois vous obtiendrez l’établie. En cliquant sur ce bloc une interface s’ouvrira et vous permettra de crafter une quantité impressionnante d’objet et de bloc. Pour vous aider dans les crafts un petit livre vert se trouvera dans un coin de l’interface, il vous donnera tous ce que vous pouvez crafter avec les matériaux dans votre inventaire.', 1, '2022-12-29 23:20:42', '2022-12-29 23:24:00', 2, 1, 1, 5),
(108, 'Le coffre ', 'tips108.png', 'C’est l’un des blocs les plus indispensable de Minecraft grâce à sa capacité de stocker n’importe quoi. Quand l’on pose deux coffres l’un à côté de l’autre ils fusionnent automatiquement et par conséquent à une capacité de stockage deux fois plus importante qu’un coffre unique. Attention lorsque vous cassez un coffre tout le contenue de celui-ci drop par terre.', 1, '2022-12-29 23:21:16', '2022-12-29 23:24:00', 2, 1, 1, 5),
(109, 'La table d\'enchantement', 'tips109.png', 'Il permet tout simplement d’enchanter vos objets et votre armure les rendant bien plus efficaces. Afin de faire fonctionner cette table vous aurez besoin de lapis-lazuli et de niveaux d’expérience indispensable pour enchanter n’importe quoi. Si vous souhaitez améliorer les enchantements proposés par la table il suffit de poser des bibliothèques à un bloc d’écart de la table. Cela aura pour effet d’améliorer les enchantements en contrepartie d’un plus grand nombre de niveaux d’expérience requis. Si vous souhaitez la casser pour la déplacer il vous faudra au minimum une pioche en diamant.', 1, '2022-12-29 23:22:03', '2022-12-29 23:23:59', 2, 1, 3, 5),
(110, 'Perle de l\'ender', 'tips110.png', 'Cette perle que l’on récupère en tuant des endermen permet de ce téléporté là où elle a astérie. Elle est aussi utile pour la création de l’œil de l’ender qui nous permettra de trouver et d’activé le portail vers la dimension de l’end une étape obligé pour finir le jeu.', 1, '2022-12-29 23:22:40', '2022-12-29 23:23:57', 2, 2, 2, 7),
(111, 'La poudre à canon', 'tips111.png', 'La poudre à canon est une ressource assez facile à trouver car plusieurs créatures nous la drop quand on les tues et on peut aussi la récupérer dans des structure tel que les donjons et les épaves. C’est créature sont le creeper, le ghast ou la sorcière mais tous ces adversaires sont redoutables alors faites attention. La poudre à canon permet de crafter des TNT, des feux d’artifice et des boules de feu.', 1, '2022-12-29 23:23:23', '2022-12-29 23:23:56', 2, 2, 1, 1);

-- --------------------------------------------------------

--
-- Structure de la table `types`
--

CREATE TABLE `types` (
  `label` varchar(255) NOT NULL,
  `id` int(11) NOT NULL,
  `createdAt` datetime NOT NULL,
  `updatedAt` datetime NOT NULL
) ENGINE=InnoDB DEFAULT CHARSET=utf8;

--
-- Déchargement des données de la table `types`
--

INSERT INTO `types` (`label`, `id`, `createdAt`, `updatedAt`) VALUES
('Naturel', 1, '2022-12-29 23:14:47', '2022-12-29 23:14:47'),
('Aliment', 2, '2022-12-29 23:14:47', '2022-12-29 23:14:47'),
('Minéral', 3, '2022-12-29 23:14:47', '2022-12-29 23:14:47'),
('Outil', 4, '2022-12-29 23:14:47', '2022-12-29 23:14:47'),
('Block', 5, '2022-12-29 23:14:47', '2022-12-29 23:14:47'),
('Arme', 6, '2022-12-29 23:14:47', '2022-12-29 23:14:47'),
('Objet magique', 7, '2022-12-29 23:14:47', '2022-12-29 23:14:47');

-- --------------------------------------------------------

--
-- Structure de la table `users`
--

CREATE TABLE `users` (
  `id` int(11) NOT NULL,
  `email` varchar(50) NOT NULL,
  `pseudo` varchar(20) NOT NULL,
  `password` varchar(200) NOT NULL,
  `isAdmin` tinyint(1) NOT NULL,
  `firstName` varchar(30) NOT NULL,
  `picture` varchar(100) NOT NULL,
  `lastName` varchar(20) NOT NULL,
  `isActif` tinyint(1) NOT NULL DEFAULT 1,
  `createdAt` datetime NOT NULL,
  `updatedAt` datetime NOT NULL
) ENGINE=InnoDB DEFAULT CHARSET=utf8;

--
-- Déchargement des données de la table `users`
--

INSERT INTO `users` (`id`, `email`, `pseudo`, `password`, `isAdmin`, `firstName`, `picture`, `lastName`, `isActif`, `createdAt`, `updatedAt`) VALUES
(1, 'admin@gmail.com', 'admin', '$2b$10$maoR2PnnsBzIxPJJPf2S8Om..k1TC4NCY3ut0PWkLI2Z56yMxq.sW', 1, 'admin', 'admin.png', 'admin', 1, '2022-12-29 23:11:22', '2022-12-29 23:11:22'),
(2, 'test@gmail.com', 'test', '$2b$10$buMAeHZyTGREKEP5Itb.S.4KUPSplED8XcpYUAj.49Fqd0x9rSZH2', 0, 'test', 'test.jpg', 'test', 1, '2022-12-29 23:12:12', '2022-12-29 23:12:12'),
(3, 'eheaney0@behance.net', 'Evered53', '$2b$10$tdAeiCCPfH/p9LFDm77R..EoaHq1aWC6Wv5D6n5vO1VflfOftUogm', 0, 'Evered', 'https://robohash.org/velitodiocumque.png?size=400x400&set=set1', 'Heaney`', 1, '2022-12-29 23:14:39', '2022-12-29 23:14:39'),
(4, 'tbeall1@cdc.gov', 'Theresita62', '$2b$10$zRa48nd25hpuCCLluTrAXejd.IV.txF85or848JMvak3zTEJ4BM92', 0, 'Theresita', 'https://robohash.org/nisisuntaliquam.png?size=400x400&set=set1', 'Beall', 1, '2022-12-29 23:14:40', '2022-12-29 23:14:40'),
(5, 'dodd2@weibo.com', 'Dell49', '$2b$10$PbOVSyqzPoODJdEhUWgCEua86c46AA2H91UcI2jXvpws9xZe1CzT2', 0, 'Dell', 'https://robohash.org/sitsitin.png?size=400x400&set=set1', 'Odd', 1, '2022-12-29 23:14:40', '2022-12-29 23:14:40'),
(6, 'aridgedell3@cafepress.com', 'Ashli33', '$2b$10$tiGSYm08KWYusUEWx3ZTw.FQU76wMsGfyDf/WDzZoaZETVfx4dapa', 0, 'Ashli', 'https://robohash.org/dictaeatemporibus.png?size=400x400&set=set1', 'Ridgedell', 1, '2022-12-29 23:14:40', '2022-12-29 23:14:40'),
(7, 'vcrossfield4@yale.edu', 'Vanda97', '$2b$10$iCBvlMMAsgWtywKbuaeRl.iwLhJcg/rWKM05/8vpbFarCXiAFTUp6', 0, 'Vanda', 'https://robohash.org/doloribussapientedicta.png?size=400x400&set=set1', 'Crossfield', 1, '2022-12-29 23:14:40', '2022-12-29 23:14:40'),
(8, 'ppiscot5@yandex.ru', 'Pegeen46', '$2b$10$k1PaH1hf3Vq7/1McExijcure.J3MIf2uWXg3UEEEvmHuuJV2rGUZm', 0, 'Pegeen', 'https://robohash.org/dolorumconsecteturatque.png?size=400x400&set=set1', 'Piscot', 1, '2022-12-29 23:14:40', '2022-12-29 23:14:40'),
(9, 'swalkley6@vimeo.com', 'Salim16', '$2b$10$aJB0hQyGNEISBQ8TpGH11eHBkiGm3i7vCtXonnSUd4kCWYh8QK0Ay', 0, 'Salim', 'https://robohash.org/suscipitinnon.png?size=400x400&set=set1', 'Walkley', 1, '2022-12-29 23:14:40', '2022-12-29 23:14:40'),
(10, 'abeacroft7@altervista.org', 'Ammamaria90', '$2b$10$.0DRsMz5rip7mC8FKFXN2.uzPGzOWoTN6bCT5q.yyH9oHgVP2wFoG', 0, 'Ammamaria', 'https://robohash.org/blanditiishicet.png?size=400x400&set=set1', 'Beacroft', 1, '2022-12-29 23:14:40', '2022-12-29 23:14:40'),
(11, 'klennox8@sourceforge.net', 'Kingsley94', '$2b$10$g.NCu4CXSEg1NnAbtlNpLuqSJc0oU3exRe4pxyWtc8z6Y/EAFedyW', 0, 'Kingsley', 'https://robohash.org/eiuseumnecessitatibus.png?size=400x400&set=set1', 'Lennox', 1, '2022-12-29 23:14:40', '2022-12-29 23:14:40'),
(12, 'mward9@answers.com', 'Monte82', '$2b$10$RZkt97yshwjC2QN6GEl5KejBVGMRgV98scUYsrEM3pMGeczNHgv3O', 0, 'Monte', 'https://robohash.org/quaerataliquidmollitia.png?size=400x400&set=set1', 'Ward', 1, '2022-12-29 23:14:40', '2022-12-29 23:14:40'),
(13, 'hjessupa@mashable.com', 'Horst29', '$2b$10$A8Np9Hq0mV4akkuHaDGRFOR6pOEGwYHXE4DPbGAuBbemRF/d5Y.be', 0, 'Horst', 'https://robohash.org/delenitirepellendussit.png?size=400x400&set=set1', 'Jessup', 1, '2022-12-29 23:14:40', '2022-12-29 23:14:40'),
(14, 'hcasselyb@hugedomains.com', 'Hendrick40', '$2b$10$bpadh55sAL2lxiEZivIPN.rTc148wI/GXPpyu9GyUD1ENqSWkpLOS', 0, 'Hendrick', 'https://robohash.org/undenamconsequatur.png?size=400x400&set=set1', 'Cassely', 1, '2022-12-29 23:14:40', '2022-12-29 23:14:40'),
(15, 'gchurchinc@biblegateway.com', 'Gisele51', '$2b$10$.AY.qHECIX/LqDTUj/JxTecgQUlkXPXuAwdYfQS7zTp0MUZN8ypyC', 0, 'Gisele', 'https://robohash.org/utcumaut.png?size=400x400&set=set1', 'Churchin', 1, '2022-12-29 23:14:40', '2022-12-29 23:14:40'),
(16, 'ccasteroud@cnbc.com', 'Corby97', '$2b$10$sVgT5khA9prsb8UAZnokG.oOaSqKsymk9DDTBPVoQI5b/OdkY0sbC', 0, 'Corby', 'https://robohash.org/aperiamodiodignissimos.png?size=400x400&set=set1', 'Casterou', 1, '2022-12-29 23:14:41', '2022-12-29 23:14:41'),
(17, 'allywarche@furl.net', 'Alice2', '$2b$10$Q5ZyzfKbDRU6XPprORTRWeldgBjL4V.sBfJEhp9oOqOQaKcH0RxzW', 0, 'Alice', 'https://robohash.org/ipsabeataeet.png?size=400x400&set=set1', 'Llywarch', 1, '2022-12-29 23:14:41', '2022-12-29 23:14:41'),
(18, 'icabbellf@lulu.com', 'Idell46', '$2b$10$wvWnB3wc7EyjAZc9MtxA3.pFCa.S/echV3qLnxMeh6Q/WrEK/9JZC', 0, 'Idell', 'https://robohash.org/nihilbeataeprovident.png?size=400x400&set=set1', 'Cabbell', 1, '2022-12-29 23:14:41', '2022-12-29 23:14:41'),
(19, 'mwiggallg@go.com', 'Maurice40', '$2b$10$xF8BKQ9JL4Cp2dAH05vN0eUfkRJ6VN8jp.7w3TEEJ3BhW/cYwUtg.', 0, 'Maurice', 'https://robohash.org/voluptatumcumquemolestias.png?size=400x400&set=set1', 'Wiggall', 1, '2022-12-29 23:14:41', '2022-12-29 23:14:41'),
(20, 'sgreenroddh@google.com', 'Stacy84', '$2b$10$8I4hxj5Kwzr6/ZdV1yigz.uHqDNUwxgmlqcy8M2tKUx26rLAcnTI6', 0, 'Stacy', 'https://robohash.org/quodexcepturisapiente.png?size=400x400&set=set1', 'Greenrodd', 1, '2022-12-29 23:14:41', '2022-12-29 23:14:41'),
(21, 'sburdasi@buzzfeed.com', 'Stormy40', '$2b$10$msWtlXJlUlHm0oCJh7rCxuOk6flHCwzvMuPJxLTe4uHRrv6q/ZpMi', 0, 'Stormy', 'https://robohash.org/minimamolestiaeexpedita.png?size=400x400&set=set1', 'Burdas', 1, '2022-12-29 23:14:41', '2022-12-29 23:14:41'),
(22, 'ababej@xrea.com', 'Adlai53', '$2b$10$62O4OPAoobV01JVKx6tbK.dslHiNZBQOpRLSm1eWdixske9pdHrk2', 0, 'Adlai', 'https://robohash.org/remeumeum.png?size=400x400&set=set1', 'Babe', 1, '2022-12-29 23:14:41', '2022-12-29 23:14:41'),
(23, 'tdevonk@1688.com', 'Tiffany4', '$2b$10$UUG.eTZcIql9xQxGguoY/.fl7WERnXXKnUcs6VSZOFHacFqLQjmCa', 0, 'Tiffany', 'https://robohash.org/laboriosamomnisaut.png?size=400x400&set=set1', 'Devon', 1, '2022-12-29 23:14:41', '2022-12-29 23:14:41'),
(24, 'hsmalingl@cocolog-nifty.com', 'Henrieta4', '$2b$10$aqOAmKBNm.aal7s6AiLjrOT356Y4KS8IRQSSYVyldwuzc8d/.ZRdi', 0, 'Henrieta', 'https://robohash.org/nobisoccaecatiaut.png?size=400x400&set=set1', 'Smaling', 1, '2022-12-29 23:14:41', '2022-12-29 23:14:41'),
(25, 'hlangerm@stumbleupon.com', 'Henderson43', '$2b$10$nvxKVq8yMs8NG4O9Qlnukuz.lGAVxtIOyANin54HmlwSQ8fSfEJwO', 0, 'Henderson', 'https://robohash.org/explicaboeaquidem.png?size=400x400&set=set1', 'Langer', 1, '2022-12-29 23:14:41', '2022-12-29 23:14:41'),
(26, 'galdersleyn@admin.ch', 'Gilligan44', '$2b$10$i6UqkMNpJvUdxwTa9mKgQOA/lRR.12OocZRzc8Ta6V2DmMyIiJPp.', 0, 'Gilligan', 'https://robohash.org/excepturioditsaepe.png?size=400x400&set=set1', 'Aldersley', 1, '2022-12-29 23:14:41', '2022-12-29 23:14:41'),
(27, 'sapplino@altervista.org', 'Simonette8', '$2b$10$3OEvOroUz2MIQG9zskDc.Oiz44SFI/E7gi6e2mYVuHBZRGEBX6OhG', 0, 'Simonette', 'https://robohash.org/hiclaborumquas.png?size=400x400&set=set1', 'Applin', 1, '2022-12-29 23:14:41', '2022-12-29 23:14:41'),
(28, 'rkingstonp@columbia.edu', 'Rufus3', '$2b$10$cC7WSLx6xDFz.0twC/i9FuscvKKxtFBowhg16.1Y3Cmw.ZA59CRB2', 0, 'Rufus', 'https://robohash.org/abquoseos.png?size=400x400&set=set1', 'Kingston', 1, '2022-12-29 23:14:41', '2022-12-29 23:14:41'),
(29, 'shaldaneq@alibaba.com', 'Sidonnie28', '$2b$10$ZrWDM57BDTMXW9RnOZ9CQeXQ6.2s48IDtP99OIiQpJYUEwEt/oC2.', 0, 'Sidonnie', 'https://robohash.org/teneturhicvel.png?size=400x400&set=set1', 'Haldane', 1, '2022-12-29 23:14:41', '2022-12-29 23:14:41'),
(30, 'rgilhouleyr@ning.com', 'Rudyard54', '$2b$10$WcwlTXwgHF60eeWw.pBT6ebP0sOyEmJMH69aA6H4I5SDSPgf.0kti', 0, 'Rudyard', 'https://robohash.org/quibusdamdoloremeius.png?size=400x400&set=set1', 'Gilhouley', 1, '2022-12-29 23:14:42', '2022-12-29 23:14:42'),
(31, 'nscobbies@icio.us', 'Nelle23', '$2b$10$2HZD.KN0cZplYohaZY0Bju4SU49uUhZWIqUICy5Gk462076yfWlvS', 0, 'Nelle', 'https://robohash.org/atutnesciunt.png?size=400x400&set=set1', 'Scobbie', 1, '2022-12-29 23:14:42', '2022-12-29 23:14:42'),
(32, 'egarmant@weather.com', 'Eloisa97', '$2b$10$s98G7AUfnE2rcfx64GfdVejxkjmgMJoaU5ogFyIFiPgQZBd6gLs3e', 0, 'Eloisa', 'https://robohash.org/rationevitaeullam.png?size=400x400&set=set1', 'Garman', 1, '2022-12-29 23:14:42', '2022-12-29 23:14:42'),
(33, 'kthrelfallu@examiner.com', 'Koral40', '$2b$10$ihKTKBv9DxBE02dp8/yXluLard9fuccR.5Ad1EvYRhnNmPIT5mBQ2', 0, 'Koral', 'https://robohash.org/fugadoloremvoluptas.png?size=400x400&set=set1', 'Threlfall', 1, '2022-12-29 23:14:42', '2022-12-29 23:14:42'),
(34, 'khopferv@blogs.com', 'Kirbee54', '$2b$10$6yGoDUwGo0ZMaPRXtNcFcOEyBgeq5x0DD7ToKyWMUz4XVt2H45/ha', 0, 'Kirbee', 'https://robohash.org/autemetreprehenderit.png?size=400x400&set=set1', 'Hopfer', 1, '2022-12-29 23:14:42', '2022-12-29 23:14:42'),
(35, 'ajuarezw@fema.gov', 'Aldus71', '$2b$10$2DyX/9v0zCc/MYmpyS2iH.8fckkEzrhOakBckqeAGEo9hZpetfcB.', 0, 'Aldus', 'https://robohash.org/suscipitconsequaturdolores.png?size=400x400&set=set1', 'Juarez', 1, '2022-12-29 23:14:42', '2022-12-29 23:14:42'),
(36, 'dnodex@psu.edu', 'Dolli7', '$2b$10$soo.LFTqEr6rYFH3RpJ1p.qkq16JkjPumDSPrQ4EzlbtEvZ9vXXm6', 0, 'Dolli', 'https://robohash.org/accusamusomnisquibusdam.png?size=400x400&set=set1', 'Node', 1, '2022-12-29 23:14:42', '2022-12-29 23:14:42'),
(37, 'vdouldeny@google.com.hk', 'Vasily73', '$2b$10$qSAHwQCFjMf8yCHwG1h82uKcHOX89XvXpEK7kgZb016NyIVcABKSG', 0, 'Vasily', 'https://robohash.org/utmaximenatus.png?size=400x400&set=set1', 'Doulden', 1, '2022-12-29 23:14:42', '2022-12-29 23:14:42'),
(38, 'lferfullez@i2i.jp', 'Linn47', '$2b$10$SZFv1rXDuApft.Zm6ixAhOdm4OeOGzTE3A8Xlm1qCPyzm5e.l74Oy', 0, 'Linn', 'https://robohash.org/optiodistinctioautem.png?size=400x400&set=set1', 'Ferfulle', 1, '2022-12-29 23:14:42', '2022-12-29 23:14:42'),
(39, 'hmuris10@ucoz.com', 'Hannis56', '$2b$10$Qh1U6kgA15nhdJIoY.VJ0uulTN6JUNbVHIGJ4k7WMZW4pSMyw2OQq', 0, 'Hannis', 'https://robohash.org/suntutquis.png?size=400x400&set=set1', 'Muris', 1, '2022-12-29 23:14:42', '2022-12-29 23:14:42'),
(40, 'ltudge11@stanford.edu', 'Lucille10', '$2b$10$UbTpeGoHBdABUMZVrtBWx.00vGCP0DenAE9RamBqHudmrwyUbHZbm', 0, 'Lucille', 'https://robohash.org/quisautdicta.png?size=400x400&set=set1', 'Tudge', 1, '2022-12-29 23:14:42', '2022-12-29 23:14:42'),
(41, 'clamblot12@princeton.edu', 'Casi60', '$2b$10$9KxbJCB6YCavOjt0oPhbLOehOJdGfw7Ol8.rqj8/PmgTgObahjJdS', 0, 'Casi', 'https://robohash.org/estquiquasi.png?size=400x400&set=set1', 'Lamblot', 1, '2022-12-29 23:14:42', '2022-12-29 23:14:42'),
(42, 'sblais13@adobe.com', 'Son79', '$2b$10$Xvcdo0ObNqKOr3KgX8IQaufkk0BzZav9IcYrPzbn3Ijez5MlyW2/a', 0, 'Son', 'https://robohash.org/laboriosamoptiodeleniti.png?size=400x400&set=set1', 'Blais', 1, '2022-12-29 23:14:42', '2022-12-29 23:14:42'),
(43, 'aprobart14@squidoo.com', 'Alyda93', '$2b$10$ze6pDtsChIo8PcsPdR0S..GnDjRlrn.YUFmMPJSX.07tfLVlvdEWi', 0, 'Alyda', 'https://robohash.org/inventorerepudiandaemolestiae.png?size=400x400&set=set1', 'Probart', 1, '2022-12-29 23:14:42', '2022-12-29 23:14:42'),
(44, 'ldanilyuk15@livejournal.com', 'Leesa25', '$2b$10$vr9ETOBgvz5LU4tkKFtP2e1ov60l.eLhaYze9kWxvgNf45UpqDhoa', 0, 'Leesa', 'https://robohash.org/rerumautquia.png?size=400x400&set=set1', 'Danilyuk', 1, '2022-12-29 23:14:43', '2022-12-29 23:14:43'),
(45, 'ahryncewicz16@uiuc.edu', 'Angelle71', '$2b$10$SslhRh9mumWZc/BVarLrMuf.zQANBy3c.bvMCmzd9nJgLgukiT/kW', 0, 'Angelle', 'https://robohash.org/maximedoloreearum.png?size=400x400&set=set1', 'Hryncewicz', 1, '2022-12-29 23:14:43', '2022-12-29 23:14:43'),
(46, 'crowland17@joomla.org', 'Corissa31', '$2b$10$Wd7iCNQsRjEbNqoWecwBX.fVeVbqoOxBftC7bq1zPfWzPWa.iNWce', 0, 'Corissa', 'https://robohash.org/odioessein.png?size=400x400&set=set1', 'Rowland', 1, '2022-12-29 23:14:43', '2022-12-29 23:14:43'),
(47, 'rgallehock18@apache.org', 'Rori92', '$2b$10$6WeWearqIdekWN3rOzQPv.8krJWOsIQDbkot9Iptt2htmd/.fB2TK', 0, 'Rori', 'https://robohash.org/totamoptiout.png?size=400x400&set=set1', 'Gallehock', 1, '2022-12-29 23:14:43', '2022-12-29 23:14:43'),
(48, 'gdowty19@example.com', 'Gail7', '$2b$10$.cu3k027K4YX6MYthvL3xOZ8P7ylRWsXiMMYqKfY4xhSYMALsloU2', 0, 'Gail', 'https://robohash.org/consequaturdoloribussit.png?size=400x400&set=set1', 'Dowty', 1, '2022-12-29 23:14:43', '2022-12-29 23:14:43'),
(49, 'npechan1a@cnn.com', 'Niles8', '$2b$10$WfZw6ah..feIc0m8twU4suoXpNw/cR3o7jT3.RbGFK5dI48cKhh26', 0, 'Niles', 'https://robohash.org/atquisquamporro.png?size=400x400&set=set1', 'Pechan', 1, '2022-12-29 23:14:43', '2022-12-29 23:14:43'),
(50, 'wvidgen1b@nba.com', 'Walton77', '$2b$10$a7akZvuC7PLR43l5gyXmR.IU2HjQp3USsoY8zXxnCqctFDVBlsG0q', 0, 'Walton', 'https://robohash.org/autemutoptio.png?size=400x400&set=set1', 'Vidgen', 1, '2022-12-29 23:14:43', '2022-12-29 23:14:43'),
(51, 'efanstone1c@domainmarket.com', 'Eilis62', '$2b$10$sZk7jUpRsp07PqM/5YhjDe69IlDgYV27dDw/FOmNZF5HcyUboTMCW', 0, 'Eilis', 'https://robohash.org/solutadoloremsint.png?size=400x400&set=set1', 'Fanstone', 1, '2022-12-29 23:14:43', '2022-12-29 23:14:43'),
(52, 'rsaddington1d@barnesandnoble.com', 'Robena90', '$2b$10$iaCkI0UAF301UDV8ce.ArO7HMChAriBeZATp9jBPV1/WtXNLdZiZa', 0, 'Robena', 'https://robohash.org/saepeoccaecatinobis.png?size=400x400&set=set1', 'Saddington', 1, '2022-12-29 23:14:43', '2022-12-29 23:14:43'),
(53, 'svreiberg1e@reddit.com', 'Selia75', '$2b$10$U7jXBGF6nb47Fg/Y8aI9tedI4ddRJq08BUuXU.0PiEyC5pfXyPN1.', 0, 'Selia', 'https://robohash.org/sitnumquamest.png?size=400x400&set=set1', 'Vreiberg', 1, '2022-12-29 23:14:43', '2022-12-29 23:14:43'),
(54, 'fkleinhaut1f@howstuffworks.com', 'Filippa51', '$2b$10$9FgEmAyVRVCOU1NcijYuEOoXQ7MUsC1H0b5GBDlXvbtqVkfVZOa7m', 0, 'Filippa', 'https://robohash.org/veroasperioresdolore.png?size=400x400&set=set1', 'Kleinhaut', 1, '2022-12-29 23:14:43', '2022-12-29 23:14:43'),
(55, 'dgleder1g@issuu.com', 'Deeanne82', '$2b$10$pL8TViR3rxvPWPIzaln7eeGDG.YhfAEBvy/nOCuMCVOyKximBKFwq', 0, 'Deeanne', 'https://robohash.org/corporiseosnumquam.png?size=400x400&set=set1', 'Gleder', 1, '2022-12-29 23:14:43', '2022-12-29 23:14:43'),
(56, 'scanceller1h@netscape.com', 'Shurlock89', '$2b$10$JpYzrhb1hmyzU1I3zF647el27p6Zjk7GeU3nfYkLCjqozjI2RNqVm', 0, 'Shurlock', 'https://robohash.org/laborumvoluptatesquaerat.png?size=400x400&set=set1', 'Canceller', 1, '2022-12-29 23:14:43', '2022-12-29 23:14:43'),
(57, 'djackling1i@yahoo.com', 'Devlen69', '$2b$10$kmZfsb0R5Vwf8jJNgyAFWOcqDrU/Njy2uH3HQcVqOJNBP0CFLilUy', 0, 'Devlen', 'https://robohash.org/aspernaturevenietdolor.png?size=400x400&set=set1', 'Jackling', 1, '2022-12-29 23:14:43', '2022-12-29 23:14:43'),
(58, 'asexton1j@fotki.com', 'Armando57', '$2b$10$m4HFaInwEVBOBI06YvP/3eVJpl4qrRqDGUosmA.3SoTKZw8tOE7hi', 0, 'Armando', 'https://robohash.org/estquivoluptatibus.png?size=400x400&set=set1', 'Sexton', 1, '2022-12-29 23:14:44', '2022-12-29 23:14:44'),
(59, 'awarry1k@sciencedirect.com', 'Annadiana82', '$2b$10$52f9n/SsyE4Ox2lgL55dQeMQf50LHbjct55p5RSm.2/dvyTyALQ0K', 0, 'Annadiana', 'https://robohash.org/idatut.png?size=400x400&set=set1', 'Warry', 1, '2022-12-29 23:14:44', '2022-12-29 23:14:44'),
(60, 'shanscome1l@adobe.com', 'Shae24', '$2b$10$UZ.FwVAUTmhh2T3z1K8KfOSjgQDHoojW2X.jI5iCrIPvA4n5BC94m', 0, 'Shae', 'https://robohash.org/ipsaquiaaut.png?size=400x400&set=set1', 'Hanscome', 1, '2022-12-29 23:14:44', '2022-12-29 23:14:44'),
(61, 'tgother1m@1und1.de', 'Tasha39', '$2b$10$vY2I0hUHSD81rCiqnFGqWulJJhY4bZ6qPfzrvcrELXSKSEQkd5zrm', 0, 'Tasha', 'https://robohash.org/quaeratculpaa.png?size=400x400&set=set1', 'Gother', 1, '2022-12-29 23:14:44', '2022-12-29 23:14:44'),
(62, 'pgrishakin1n@networkadvertising.org', 'Portia50', '$2b$10$DIPb55B.HWwf4i4qE44m2.5GkJdCkh794YlFZAdsERDlYdhJJDV.u', 0, 'Portia', 'https://robohash.org/quisautemaccusantium.png?size=400x400&set=set1', 'Grishakin', 1, '2022-12-29 23:14:44', '2022-12-29 23:14:44'),
(63, 'mcolpus1o@dropbox.com', 'Mathilda28', '$2b$10$/IoLNdsvykDb6NB9YLX.ie5okeeglYQrIVuYw9c62WP4PDhqsS8Be', 0, 'Mathilda', 'https://robohash.org/dolorautet.png?size=400x400&set=set1', 'Colpus', 1, '2022-12-29 23:14:44', '2022-12-29 23:14:44'),
(64, 'evisco1p@china.com.cn', 'Elmo91', '$2b$10$kI6GBHD8xOh7fP83cql8F.exuTjgo0sdRnwLLyp010TdHU5HXVjQa', 0, 'Elmo', 'https://robohash.org/rationedignissimosmolestias.png?size=400x400&set=set1', 'Visco', 1, '2022-12-29 23:14:44', '2022-12-29 23:14:44'),
(65, 'fhouliston1q@phoca.cz', 'Field85', '$2b$10$NzN2/xmftOYSV03xF4NKUeKw.NqRuS3oly.T85swSLt5TkQkHyhoe', 0, 'Field', 'https://robohash.org/ametdebitisaliquid.png?size=400x400&set=set1', 'Houliston', 1, '2022-12-29 23:14:44', '2022-12-29 23:14:44'),
(66, 'rkeyte1r@parallels.com', 'Reinaldos71', '$2b$10$qQV7ytus.X4r1y23YYKyQOa03PVkEqivMQTRzlQrmtOXkOAk5I9Ka', 0, 'Reinaldos', 'https://robohash.org/autsimiliquesit.png?size=400x400&set=set1', 'Keyte', 1, '2022-12-29 23:14:44', '2022-12-29 23:14:44'),
(67, 'gmarsay1s@godaddy.com', 'Guillema58', '$2b$10$gx9qbw0zOqLq7oOq/CJMgeW0yVgJBNrYgtMTC7MHq0HVrY8eodlRC', 0, 'Guillema', 'https://robohash.org/aliaseosnon.png?size=400x400&set=set1', 'Marsay', 1, '2022-12-29 23:14:44', '2022-12-29 23:14:44'),
(68, 'ededam1t@china.com.cn', 'Ed38', '$2b$10$LSLyIFDG8cDZnbsrn6Xq6uCX9PMJKH8.wtUrR2A946onHY9cBSJTe', 0, 'Ed', 'https://robohash.org/expeditasimiliquevoluptas.png?size=400x400&set=set1', 'Dedam', 1, '2022-12-29 23:14:44', '2022-12-29 23:14:44'),
(69, 'rfigiovanni1u@bing.com', 'Randell15', '$2b$10$h4y4g0fnON5xbOH5t5b/uuTDYK6IUfE54Y8Gwy1bGqnj07S6E9awq', 0, 'Randell', 'https://robohash.org/essevelitatque.png?size=400x400&set=set1', 'Figiovanni', 1, '2022-12-29 23:14:44', '2022-12-29 23:14:44'),
(70, 'minnett1v@wordpress.org', 'Melba35', '$2b$10$fs76AwTvMug/CHCl4/taOuG7jMrTNHh9fFYoVvYnw8ZQW2nkVKL6W', 0, 'Melba', 'https://robohash.org/utquamillum.png?size=400x400&set=set1', 'Innett', 1, '2022-12-29 23:14:44', '2022-12-29 23:14:44'),
(71, 'jteggin1w@tinyurl.com', 'Jimmie74', '$2b$10$rgMkXZPyBpJSzJMt204e8eHoe/U7bc/4//l2UFVQnjEgL263y.Lr6', 0, 'Jimmie', 'https://robohash.org/voluptatemanimiprovident.png?size=400x400&set=set1', 'Teggin', 1, '2022-12-29 23:14:44', '2022-12-29 23:14:44'),
(72, 'dscathard1x@spiegel.de', 'Dore60', '$2b$10$je2gFEWb07nNfSkIevoIcekOa.MinAUrTkUrohrCymo1OecoPJ78S', 0, 'Dore', 'https://robohash.org/estnobisminima.png?size=400x400&set=set1', 'Scathard', 1, '2022-12-29 23:14:45', '2022-12-29 23:14:45'),
(73, 'atalby1y@vk.com', 'Arney60', '$2b$10$IdyNsyrurEcvfEVyjRhaiusPogi/3.0lWGnd64.vXJcuVlguCLTG2', 0, 'Arney', 'https://robohash.org/assumendaoccaecatisit.png?size=400x400&set=set1', 'Talby', 1, '2022-12-29 23:14:45', '2022-12-29 23:14:45'),
(74, 'anevett1z@nhs.uk', 'Agnes5', '$2b$10$X.vZyLZkGoFFNx5x1fW7UOPyt9bTbBwXZw8ZCmoJqBwIP2EFvFAh2', 0, 'Agnes', 'https://robohash.org/nonquaeratasperiores.png?size=400x400&set=set1', 'Nevett', 1, '2022-12-29 23:14:45', '2022-12-29 23:14:45'),
(75, 'rpettit20@howstuffworks.com', 'Renie32', '$2b$10$OMR/hc9BAyCZZ/f9ODGQaunCWkDrj6eJ0ub0u2VyQ5mEmtJNBgc7.', 0, 'Renie', 'https://robohash.org/repellatquovoluptatibus.png?size=400x400&set=set1', 'Pettit', 1, '2022-12-29 23:14:45', '2022-12-29 23:14:45'),
(76, 'cfrancesconi21@purevolume.com', 'Caria61', '$2b$10$l940qCheWfC.OigkWRaS7uCNUBl7oTyYh0J8KjYy8a7MPydkzJ0fe', 0, 'Caria', 'https://robohash.org/etinquod.png?size=400x400&set=set1', 'Francesconi', 1, '2022-12-29 23:14:45', '2022-12-29 23:14:45'),
(77, 'pmatchett22@umich.edu', 'Penelope13', '$2b$10$BJwTmpytKBAb3dsimLolPu/JyufnFZYJP2QkqQxXgfn3hUArdbMAO', 0, 'Penelope', 'https://robohash.org/assumendaetid.png?size=400x400&set=set1', 'Matchett', 1, '2022-12-29 23:14:45', '2022-12-29 23:14:45'),
(78, 'hlayton23@sourceforge.net', 'Hamilton70', '$2b$10$R0wH13iWqT6bBVinH2lXW.VsSaj9/4PbtHnXu45RlAsMWfpHbobCW', 0, 'Hamilton', 'https://robohash.org/consequatureligendibeatae.png?size=400x400&set=set1', 'Layton', 1, '2022-12-29 23:14:45', '2022-12-29 23:14:45'),
(79, 'tcosti24@geocities.jp', 'Teddie45', '$2b$10$CCa1a8v2eHpubZ8orgCAWeBudMbVwQbK54ngFYxOnVQ9JCHSq9dRu', 0, 'Teddie', 'https://robohash.org/inciduntquiasequi.png?size=400x400&set=set1', 'Costi', 1, '2022-12-29 23:14:45', '2022-12-29 23:14:45'),
(80, 'edomeney25@homestead.com', 'Eugene53', '$2b$10$CMub1/MFv5w7hwU6ypP4Qe.Un7dOPbGE1ZFMlwgDUxWAa38O18Sha', 0, 'Eugene', 'https://robohash.org/autemvoluptatumrepudiandae.png?size=400x400&set=set1', 'Domeney', 1, '2022-12-29 23:14:45', '2022-12-29 23:14:45'),
(81, 'rmcmonnies26@google.de', 'Ricard23', '$2b$10$49WcMXcY//BNX/4tUZbVcOHghSJGDm9M5OLwF/ExrbwgVoZOlnJKK', 0, 'Ricard', 'https://robohash.org/veniamdignissimosporro.png?size=400x400&set=set1', 'McMonnies', 1, '2022-12-29 23:14:45', '2022-12-29 23:14:45'),
(82, 'agabala27@gravatar.com', 'Angel92', '$2b$10$obXUu9tCCiai3X882tk6YuSDpRxUJHSTb9dKZUZUo9Hjl2KBdQ2Ny', 0, 'Angel', 'https://robohash.org/officiisremillo.png?size=400x400&set=set1', 'Gabala', 1, '2022-12-29 23:14:45', '2022-12-29 23:14:45'),
(83, 'apoll28@barnesandnoble.com', 'Alanna23', '$2b$10$SoOrHWwqp7AP5C2aFRb0Qu/FhJ3IWfxdcrjw2LqwHEjUir3OlhDDS', 0, 'Alanna', 'https://robohash.org/iddistinctiopossimus.png?size=400x400&set=set1', 'Poll', 1, '2022-12-29 23:14:45', '2022-12-29 23:14:45'),
(84, 'eaxel29@nbcnews.com', 'Eddie80', '$2b$10$sEFkXOfdG85Qa1i2y0TNt.57RAQcCwVehqfdy4YGK9m0/gv6O3aIa', 0, 'Eddie', 'https://robohash.org/exercitationemdoloresodit.png?size=400x400&set=set1', 'Axel', 1, '2022-12-29 23:14:45', '2022-12-29 23:14:45'),
(85, 'apettiford2a@constantcontact.com', 'Andy4', '$2b$10$jTUIFtoXxj55gEXmNEV6deeLAFfxfLfuCag6hcK0iuONn.11peZhq', 0, 'Andy', 'https://robohash.org/quamilloquis.png?size=400x400&set=set1', 'Pettiford', 1, '2022-12-29 23:14:45', '2022-12-29 23:14:45'),
(86, 'etimmens2b@ow.ly', 'Ezmeralda4', '$2b$10$q/zftoFZz5Ovd93.1XqV6u0E5pmodaYvSzXiCYuhygpmKuSUjCCIq', 0, 'Ezmeralda', 'https://robohash.org/suntquianimi.png?size=400x400&set=set1', 'Timmens', 1, '2022-12-29 23:14:45', '2022-12-29 23:14:45'),
(87, 'ndarracott2c@google.it', 'Nathan32', '$2b$10$s7sMunarbjXwx9iQqxE4zu1klrPX.eVr6EhhB.0UXDJMsS8OYF4ya', 0, 'Nathan', 'https://robohash.org/etutassumenda.png?size=400x400&set=set1', 'Darracott', 1, '2022-12-29 23:14:46', '2022-12-29 23:14:46'),
(88, 'mstepto2d@icq.com', 'Mahmud39', '$2b$10$nNa344V9cwGfVbxEthN9QuSEw0gryYf8hUEcj4ADNNDDgzg6e6QXC', 0, 'Mahmud', 'https://robohash.org/nesciuntquoquia.png?size=400x400&set=set1', 'Stepto', 1, '2022-12-29 23:14:46', '2022-12-29 23:14:46'),
(89, 'stown2e@dagondesign.com', 'Sigismondo85', '$2b$10$v67rAWYUWWQhYtvKhZNbGO1TdA7vXX70RxWK95pELxRbyeuprzWKG', 0, 'Sigismondo', 'https://robohash.org/expeditavoluptasoptio.png?size=400x400&set=set1', 'Town', 1, '2022-12-29 23:14:46', '2022-12-29 23:14:46'),
(90, 'rwalak2f@arstechnica.com', 'Raye26', '$2b$10$hsANzvFixj/MOoOD/IKn9O1ZFw41b8zb77GEaENDXeiqWembujjni', 0, 'Raye', 'https://robohash.org/facereprovidentiure.png?size=400x400&set=set1', 'Walak', 1, '2022-12-29 23:14:46', '2022-12-29 23:14:46'),
(91, 'dedel2g@miibeian.gov.cn', 'Darren89', '$2b$10$eDLujQP5ypyxfOfSg0Mf7unwNeSalCN1700I62yB.Eoda6K53/Zia', 0, 'Darren', 'https://robohash.org/iustofacilisaut.png?size=400x400&set=set1', 'Edel', 1, '2022-12-29 23:14:46', '2022-12-29 23:14:46'),
(92, 'lkelloch2h@yahoo.com', 'Lory65', '$2b$10$E9RTjfAt7WalQYdAXPAlV.SGWgAddPjy406B4TUYPPldx1MMWYtse', 0, 'Lory', 'https://robohash.org/utiureofficiis.png?size=400x400&set=set1', 'Kelloch', 1, '2022-12-29 23:14:46', '2022-12-29 23:14:46'),
(93, 'mlewer2i@fda.gov', 'Matty88', '$2b$10$wGK4Vatc/cqsUDGsuOmUUedlMJ4rBMv6sASHAwz4JR0dG2WYni9bu', 0, 'Matty', 'https://robohash.org/nisiitaqueipsum.png?size=400x400&set=set1', 'Lewer', 1, '2022-12-29 23:14:46', '2022-12-29 23:14:46'),
(94, 'mhallstone2j@nyu.edu', 'Mick20', '$2b$10$M1D/ZqmVRwQMnAnuWJ/WKu/rUUFhfjuBiMN3v7Q9yELVxOXGehYzi', 0, 'Mick', 'https://robohash.org/occaecatiplaceatnobis.png?size=400x400&set=set1', 'Hallstone', 1, '2022-12-29 23:14:46', '2022-12-29 23:14:46'),
(95, 'ebuswell2k@sitemeter.com', 'Eachelle69', '$2b$10$l29Q33KIHgpwPtoefKC5/.n5V4iscmNPX79cwWkl/JU4exGqq5ddS', 0, 'Eachelle', 'https://robohash.org/quamerrorvoluptas.png?size=400x400&set=set1', 'Buswell', 1, '2022-12-29 23:14:46', '2022-12-29 23:14:46'),
(96, 'arobey2l@hao123.com', 'Amie32', '$2b$10$QjIXHpFe5FJbaoZHOrJ/I.8Gnq1SF5atkbB8ACGmn2xjCezcWjiNq', 0, 'Amie', 'https://robohash.org/culpanonoccaecati.png?size=400x400&set=set1', 'Robey', 1, '2022-12-29 23:14:46', '2022-12-29 23:14:46'),
(97, 'mdebenedetti2m@thetimes.co.uk', 'Manolo91', '$2b$10$JsOx3n6AnVNurAOWEYORb.k55vYkB0xjlA1P7D6Ahihae/rHsYxVO', 0, 'Manolo', 'https://robohash.org/dolorumetratione.png?size=400x400&set=set1', 'De Benedetti', 1, '2022-12-29 23:14:46', '2022-12-29 23:14:46'),
(98, 'cmarousek2n@harvard.edu', 'Chaim85', '$2b$10$BAPfipCUE/rpNHT7WGcYu.VlvSBxDwP13rJSArPAJ559B33/4J3lW', 0, 'Chaim', 'https://robohash.org/fugitquiarepellat.png?size=400x400&set=set1', 'Marousek', 1, '2022-12-29 23:14:46', '2022-12-29 23:14:46'),
(99, 'tainger2o@smugmug.com', 'Thorsten54', '$2b$10$0QXtruxmtT3KkGjM.0DBW.qMCMD5JNsa5IIU2/0M.MIboMH5ZM6Xe', 0, 'Thorsten', 'https://robohash.org/sitnemosaepe.png?size=400x400&set=set1', 'Ainger', 1, '2022-12-29 23:14:46', '2022-12-29 23:14:46'),
(100, 'bgerhold2p@amazon.co.jp', 'Bessie22', '$2b$10$N1vuJnduaIR4i8buKQH6n.QKx1RAxfaozu111ifWlwiFQuyl6/4WK', 0, 'Bessie', 'https://robohash.org/sitsedvel.png?size=400x400&set=set1', 'Gerhold', 1, '2022-12-29 23:14:46', '2022-12-29 23:14:46'),
(101, 'lcamies2q@moonfruit.com', 'Leontyne38', '$2b$10$bBAXiCaXYg/yx2zElAXNzeX6pV9afU39.1vAnmJxhQKpSsUUZIWD2', 0, 'Leontyne', 'https://robohash.org/voluptatumfacilisomnis.png?size=400x400&set=set1', 'Camies', 1, '2022-12-29 23:14:47', '2022-12-29 23:14:47'),
(102, 'mluis2r@wsj.com', 'Marji44', '$2b$10$iZX1zCBDsGbkdCDCwL.7r.S8Bu3BAurjDmKPTQ/U.5qjiXFDNalKi', 0, 'Marji', 'https://robohash.org/velnisiofficiis.png?size=400x400&set=set1', 'Luis', 1, '2022-12-29 23:14:47', '2022-12-29 23:14:47');

--
-- Index pour les tables déchargées
--

--
-- Index pour la table `commentaires`
--
ALTER TABLE `commentaires`
  ADD PRIMARY KEY (`id`),
  ADD KEY `UserId` (`UserId`),
  ADD KEY `TipId` (`TipId`);

--
-- Index pour la table `obtentions`
--
ALTER TABLE `obtentions`
  ADD PRIMARY KEY (`id`),
  ADD UNIQUE KEY `label` (`label`),
  ADD UNIQUE KEY `label_2` (`label`),
  ADD UNIQUE KEY `label_3` (`label`),
  ADD UNIQUE KEY `label_4` (`label`);

--
-- Index pour la table `raretes`
--
ALTER TABLE `raretes`
  ADD PRIMARY KEY (`id`),
  ADD UNIQUE KEY `label` (`label`),
  ADD UNIQUE KEY `label_2` (`label`),
  ADD UNIQUE KEY `label_3` (`label`),
  ADD UNIQUE KEY `label_4` (`label`);

--
-- Index pour la table `tags`
--
ALTER TABLE `tags`
  ADD PRIMARY KEY (`id`),
  ADD UNIQUE KEY `label` (`label`),
  ADD UNIQUE KEY `label_2` (`label`),
  ADD UNIQUE KEY `label_3` (`label`),
  ADD UNIQUE KEY `label_4` (`label`);

--
-- Index pour la table `tagtips`
--
ALTER TABLE `tagtips`
  ADD PRIMARY KEY (`TipId`,`TagId`),
  ADD KEY `TagId` (`TagId`);

--
-- Index pour la table `tips`
--
ALTER TABLE `tips`
  ADD PRIMARY KEY (`id`),
  ADD KEY `UserId` (`UserId`),
  ADD KEY `ObtentionId` (`ObtentionId`),
  ADD KEY `RareteId` (`RareteId`),
  ADD KEY `TypeId` (`TypeId`);

--
-- Index pour la table `types`
--
ALTER TABLE `types`
  ADD PRIMARY KEY (`id`),
  ADD UNIQUE KEY `label` (`label`),
  ADD UNIQUE KEY `label_2` (`label`),
  ADD UNIQUE KEY `label_3` (`label`),
  ADD UNIQUE KEY `label_4` (`label`);

--
-- Index pour la table `users`
--
ALTER TABLE `users`
  ADD PRIMARY KEY (`id`),
  ADD UNIQUE KEY `email` (`email`),
  ADD UNIQUE KEY `pseudo` (`pseudo`),
  ADD UNIQUE KEY `email_2` (`email`),
  ADD UNIQUE KEY `pseudo_2` (`pseudo`),
  ADD UNIQUE KEY `email_3` (`email`),
  ADD UNIQUE KEY `pseudo_3` (`pseudo`),
  ADD UNIQUE KEY `email_4` (`email`),
  ADD UNIQUE KEY `pseudo_4` (`pseudo`);

--
-- AUTO_INCREMENT pour les tables déchargées
--

--
-- AUTO_INCREMENT pour la table `commentaires`
--
ALTER TABLE `commentaires`
  MODIFY `id` int(11) NOT NULL AUTO_INCREMENT, AUTO_INCREMENT=503;

--
-- AUTO_INCREMENT pour la table `obtentions`
--
ALTER TABLE `obtentions`
  MODIFY `id` int(11) NOT NULL AUTO_INCREMENT, AUTO_INCREMENT=3;

--
-- AUTO_INCREMENT pour la table `raretes`
--
ALTER TABLE `raretes`
  MODIFY `id` int(11) NOT NULL AUTO_INCREMENT, AUTO_INCREMENT=5;

--
-- AUTO_INCREMENT pour la table `tags`
--
ALTER TABLE `tags`
  MODIFY `id` int(11) NOT NULL AUTO_INCREMENT, AUTO_INCREMENT=39;

--
-- AUTO_INCREMENT pour la table `tips`
--
ALTER TABLE `tips`
  MODIFY `id` int(11) NOT NULL AUTO_INCREMENT, AUTO_INCREMENT=112;

--
-- AUTO_INCREMENT pour la table `types`
--
ALTER TABLE `types`
  MODIFY `id` int(11) NOT NULL AUTO_INCREMENT, AUTO_INCREMENT=8;

--
-- AUTO_INCREMENT pour la table `users`
--
ALTER TABLE `users`
  MODIFY `id` int(11) NOT NULL AUTO_INCREMENT, AUTO_INCREMENT=103;

--
-- Contraintes pour les tables déchargées
--

--
-- Contraintes pour la table `commentaires`
--
ALTER TABLE `commentaires`
  ADD CONSTRAINT `commentaires_ibfk_1` FOREIGN KEY (`UserId`) REFERENCES `users` (`id`) ON DELETE CASCADE ON UPDATE CASCADE,
  ADD CONSTRAINT `commentaires_ibfk_2` FOREIGN KEY (`TipId`) REFERENCES `tips` (`id`) ON DELETE CASCADE ON UPDATE CASCADE,
  ADD CONSTRAINT `commentaires_ibfk_3` FOREIGN KEY (`UserId`) REFERENCES `users` (`id`) ON DELETE CASCADE ON UPDATE CASCADE,
  ADD CONSTRAINT `commentaires_ibfk_4` FOREIGN KEY (`TipId`) REFERENCES `tips` (`id`) ON DELETE CASCADE ON UPDATE CASCADE,
  ADD CONSTRAINT `commentaires_ibfk_5` FOREIGN KEY (`UserId`) REFERENCES `users` (`id`) ON DELETE CASCADE ON UPDATE CASCADE,
  ADD CONSTRAINT `commentaires_ibfk_6` FOREIGN KEY (`TipId`) REFERENCES `tips` (`id`) ON DELETE CASCADE ON UPDATE CASCADE,
  ADD CONSTRAINT `commentaires_ibfk_7` FOREIGN KEY (`UserId`) REFERENCES `users` (`id`) ON DELETE CASCADE ON UPDATE CASCADE,
  ADD CONSTRAINT `commentaires_ibfk_8` FOREIGN KEY (`TipId`) REFERENCES `tips` (`id`) ON DELETE CASCADE ON UPDATE CASCADE;

--
-- Contraintes pour la table `tagtips`
--
ALTER TABLE `tagtips`
  ADD CONSTRAINT `tagtips_ibfk_1` FOREIGN KEY (`TipId`) REFERENCES `tips` (`id`) ON DELETE CASCADE ON UPDATE CASCADE,
  ADD CONSTRAINT `tagtips_ibfk_2` FOREIGN KEY (`TagId`) REFERENCES `tags` (`id`) ON DELETE CASCADE ON UPDATE CASCADE;

--
-- Contraintes pour la table `tips`
--
ALTER TABLE `tips`
  ADD CONSTRAINT `tips_ibfk_1` FOREIGN KEY (`UserId`) REFERENCES `users` (`id`) ON DELETE CASCADE ON UPDATE CASCADE,
  ADD CONSTRAINT `tips_ibfk_10` FOREIGN KEY (`ObtentionId`) REFERENCES `obtentions` (`id`) ON DELETE SET NULL ON UPDATE CASCADE,
  ADD CONSTRAINT `tips_ibfk_11` FOREIGN KEY (`RareteId`) REFERENCES `raretes` (`id`) ON DELETE SET NULL ON UPDATE CASCADE,
  ADD CONSTRAINT `tips_ibfk_12` FOREIGN KEY (`TypeId`) REFERENCES `types` (`id`) ON DELETE SET NULL ON UPDATE CASCADE,
  ADD CONSTRAINT `tips_ibfk_13` FOREIGN KEY (`UserId`) REFERENCES `users` (`id`) ON DELETE CASCADE ON UPDATE CASCADE,
  ADD CONSTRAINT `tips_ibfk_14` FOREIGN KEY (`ObtentionId`) REFERENCES `obtentions` (`id`) ON DELETE SET NULL ON UPDATE CASCADE,
  ADD CONSTRAINT `tips_ibfk_15` FOREIGN KEY (`RareteId`) REFERENCES `raretes` (`id`) ON DELETE SET NULL ON UPDATE CASCADE,
  ADD CONSTRAINT `tips_ibfk_16` FOREIGN KEY (`TypeId`) REFERENCES `types` (`id`) ON DELETE SET NULL ON UPDATE CASCADE,
  ADD CONSTRAINT `tips_ibfk_2` FOREIGN KEY (`ObtentionId`) REFERENCES `obtentions` (`id`) ON DELETE SET NULL ON UPDATE CASCADE,
  ADD CONSTRAINT `tips_ibfk_3` FOREIGN KEY (`RareteId`) REFERENCES `raretes` (`id`) ON DELETE SET NULL ON UPDATE CASCADE,
  ADD CONSTRAINT `tips_ibfk_4` FOREIGN KEY (`TypeId`) REFERENCES `types` (`id`) ON DELETE SET NULL ON UPDATE CASCADE,
  ADD CONSTRAINT `tips_ibfk_5` FOREIGN KEY (`UserId`) REFERENCES `users` (`id`) ON DELETE CASCADE ON UPDATE CASCADE,
  ADD CONSTRAINT `tips_ibfk_6` FOREIGN KEY (`ObtentionId`) REFERENCES `obtentions` (`id`) ON DELETE SET NULL ON UPDATE CASCADE,
  ADD CONSTRAINT `tips_ibfk_7` FOREIGN KEY (`RareteId`) REFERENCES `raretes` (`id`) ON DELETE SET NULL ON UPDATE CASCADE,
  ADD CONSTRAINT `tips_ibfk_8` FOREIGN KEY (`TypeId`) REFERENCES `types` (`id`) ON DELETE SET NULL ON UPDATE CASCADE,
  ADD CONSTRAINT `tips_ibfk_9` FOREIGN KEY (`UserId`) REFERENCES `users` (`id`) ON DELETE CASCADE ON UPDATE CASCADE;
COMMIT;

/*!40101 SET CHARACTER_SET_CLIENT=@OLD_CHARACTER_SET_CLIENT */;
/*!40101 SET CHARACTER_SET_RESULTS=@OLD_CHARACTER_SET_RESULTS */;
/*!40101 SET COLLATION_CONNECTION=@OLD_COLLATION_CONNECTION */;
